observableId	simulationConditionId	measurement	time
obs_cycA__nuc_median	wt	0.3885457	0
obs_cycA__nuc_median	wt	0.350197618	0.002406498
obs_cycA__nuc_median	wt	0.523849379	0.004817016
obs_cycA__nuc_median	wt	0.350197618	0.007231569
obs_cycA__nuc_median	wt	0.413869921	0.00965017
obs_cycA__nuc_median	wt	0.350197618	0.012072832
obs_cycA__nuc_median	wt	0.384928009	0.01449957
obs_cycA__nuc_median	wt	0.413869921	0.016930396
obs_cycA__nuc_median	wt	0.386375104	0.019365325
obs_cycA__nuc_median	wt	0.452941598	0.02180437
obs_cycA__nuc_median	wt	0.355986001	0.024247546
obs_cycA__nuc_median	wt	0.492013181	0.026694867
obs_cycA__nuc_median	wt	0.408081539	0.029146346
obs_cycA__nuc_median	wt	0.316914419	0.031601997
obs_cycA__nuc_median	wt	0.500695849	0.034061836
obs_cycA__nuc_median	wt	0.403740252	0.036525876
obs_cycA__nuc_median	wt	0.478265819	0.038994132
obs_cycA__nuc_median	wt	0.434852855	0.041466617
obs_cycA__nuc_median	wt	0.458729981	0.043943348
obs_cycA__nuc_median	wt	0.279289837	0.046424337
obs_cycA__nuc_median	wt	0.381310222	0.0489096
obs_cycA__nuc_median	wt	0.380586722	0.051399153
obs_cycA__nuc_median	wt	0.314020227	0.053893008
obs_cycA__nuc_median	wt	0.435576451	0.056391182
obs_cycA__nuc_median	wt	0.357433097	0.058893689
obs_cycA__nuc_median	wt	0.382033817	0.061400545
obs_cycA__nuc_median	wt	0.567985844	0.063911764
obs_cycA__nuc_median	wt	0.366115765	0.066427362
obs_cycA__nuc_median	wt	0.470306746	0.068947354
obs_cycA__nuc_median	wt	0.34296214	0.071471755
obs_cycA__nuc_median	wt	0.327044088	0.074000581
obs_cycA__nuc_median	wt	0.474648033	0.076533848
obs_cycA__nuc_median	wt	0.355986001	0.079071571
obs_cycA__nuc_median	wt	0.266265977	0.081613766
obs_cycA__nuc_median	wt	0.254689212	0.084160448
obs_cycA__nuc_median	wt	0.327767589	0.086711633
obs_cycA__nuc_median	wt	0.311126036	0.089267338
obs_cycA__nuc_median	wt	0.437023546	0.091827578
obs_cycA__nuc_median	wt	0.375521839	0.09439237
obs_cycA__nuc_median	wt	0.44570612	0.09696173
obs_cycA__nuc_median	wt	0.376245435	0.099535674
obs_cycA__nuc_median	wt	0.438470642	0.102114218
obs_cycA__nuc_median	wt	0.428340878	0.104697379
obs_cycA__nuc_median	wt	0.290866602	0.107285173
obs_cycA__nuc_median	wt	0.486224798	0.109877618
obs_cycA__nuc_median	wt	0.327044088	0.112474729
obs_cycA__nuc_median	wt	0.335726662	0.115076524
obs_cycA__nuc_median	wt	0.286525316	0.11768302
obs_cycA__nuc_median	wt	0.302443462	0.120294234
obs_cycA__nuc_median	wt	0.318361514	0.122910182
obs_cycA__nuc_median	wt	0.315467323	0.125530882
obs_cycA__nuc_median	wt	0.340067949	0.128156351
obs_cycA__nuc_median	wt	0.266989572	0.130786608
obs_cycA__nuc_median	wt	0.311126036	0.133421668
obs_cycA__nuc_median	wt	0.340067949	0.13606155
obs_cycA__nuc_median	wt	0.394334178	0.138706271
obs_cycA__nuc_median	wt	0.329938279	0.141355849
obs_cycA__nuc_median	wt	0.327767589	0.144010303
obs_cycA__nuc_median	wt	0.413869921	0.146669649
obs_cycA__nuc_median	wt	0.348750523	0.149333907
obs_cycA__nuc_median	wt	0.392163487	0.152003093
obs_cycA__nuc_median	wt	0.380586722	0.154677228
obs_cycA__nuc_median	wt	0.325596993	0.157356328
obs_cycA__nuc_median	wt	0.371904148	0.160040413
obs_cycA__nuc_median	wt	0.50359004	0.1627295
obs_cycA__nuc_median	wt	0.439194142	0.165423609
obs_cycA__nuc_median	wt	0.40012256	0.168122759
obs_cycA__nuc_median	wt	0.440641238	0.170826968
obs_cycA__nuc_median	wt	0.552791292	0.173536255
obs_cycA__nuc_median	wt	0.566538748	0.17625064
obs_cycA__nuc_median	wt	0.532531953	0.178970141
obs_cycA__nuc_median	wt	0.916012866	0.181694778
obs_cycA__nuc_median	wt	0.623699168	0.184424571
obs_cycA__nuc_median	wt	0.635275933	0.187159539
obs_cycA__nuc_median	wt	0.596204256	0.189899701
obs_cycA__nuc_median	wt	0.46885965	0.192645078
obs_cycA__nuc_median	wt	0.575944917	0.195395689
obs_cycA__nuc_median	wt	0.537596835	0.198151554
obs_cycA__nuc_median	wt	0.578839108	0.200912694
obs_cycA__nuc_median	wt	0.560026865	0.203679128
obs_cycA__nuc_median	wt	0.727166648	0.206450877
obs_cycA__nuc_median	wt	0.588968778	0.209227962
obs_cycA__nuc_median	wt	0.53614974	0.212010403
obs_cycA__nuc_median	wt	0.727890149	0.21479822
obs_cycA__nuc_median	wt	0.660600154	0.217591435
obs_cycA__nuc_median	wt	0.609228117	0.220390068
obs_cycA__nuc_median	wt	0.486224798	0.223194141
obs_cycA__nuc_median	wt	0.474648033	0.226003675
obs_cycA__nuc_median	wt	0.610675212	0.22881869
obs_cycA__nuc_median	wt	0.946401969	0.23163921
obs_cycA__nuc_median	wt	0.597651352	0.234465254
obs_cycA__nuc_median	wt	0.814716077	0.237296844
obs_cycA__nuc_median	wt	0.60416333	0.240134004
obs_cycA__nuc_median	wt	0.816886673	0.242976753
obs_cycA__nuc_median	wt	0.791562452	0.245825116
obs_cycA__nuc_median	wt	0.87838838	0.248679113
obs_cycA__nuc_median	wt	0.813268981	0.251538767
obs_cycA__nuc_median	wt	1.131630495	0.254404101
obs_cycA__nuc_median	wt	0.808927599	0.257275137
obs_cycA__nuc_median	wt	0.912395174	0.260151897
obs_cycA__nuc_median	wt	0.724995957	0.263034406
obs_cycA__nuc_median	wt	1.148272048	0.265922685
obs_cycA__nuc_median	wt	1.198196895	0.268816758
obs_cycA__nuc_median	wt	1.203985277	0.271716649
obs_cycA__nuc_median	wt	1.408749642	0.27462238
obs_cycA__nuc_median	wt	1.182278843	0.277533976
obs_cycA__nuc_median	wt	1.48472221	0.280451459
obs_cycA__nuc_median	wt	1.067234597	0.283374854
obs_cycA__nuc_median	wt	1.156231121	0.286304185
obs_cycA__nuc_median	wt	1.537541343	0.289239476
obs_cycA__nuc_median	wt	1.24450405	0.292180751
obs_cycA__nuc_median	wt	1.528135174	0.295128036
obs_cycA__nuc_median	wt	1.500640357	0.298081353
obs_cycA__nuc_median	wt	1.331329883	0.301040728
obs_cycA__nuc_median	wt	1.476039636	0.304006187
obs_cycA__nuc_median	wt	1.406578951	0.306977753
obs_cycA__nuc_median	wt	1.002838699	0.309955453
obs_cycA__nuc_median	wt	1.203261777	0.312939312
obs_cycA__nuc_median	wt	1.418155716	0.315929354
obs_cycA__nuc_median	wt	1.687315979	0.318925607
obs_cycA__nuc_median	wt	1.514387813	0.321928095
obs_cycA__nuc_median	wt	1.38053123	0.324936845
obs_cycA__nuc_median	wt	1.368954464	0.327951883
obs_cycA__nuc_median	wt	1.578783522	0.330973234
obs_cycA__nuc_median	wt	1.378360539	0.334000927
obs_cycA__nuc_median	wt	1.132353996	0.337034987
obs_cycA__nuc_median	wt	1.205432373	0.340075442
obs_cycA__nuc_median	wt	1.185173034	0.343122317
obs_cycA__nuc_median	wt	1.80380732	0.346175641
obs_cycA__nuc_median	wt	1.604831433	0.349235441
obs_cycA__nuc_median	wt	1.669950736	0.352301744
obs_cycA__nuc_median	wt	1.219179829	0.355374578
obs_cycA__nuc_median	wt	1.539711939	0.358453971
obs_cycA__nuc_median	wt	1.704681032	0.361539951
obs_cycA__nuc_median	wt	1.719152178	0.364632546
obs_cycA__nuc_median	wt	1.694551362	0.367731785
obs_cycA__nuc_median	wt	2.370346068	0.370837695
obs_cycA__nuc_median	wt	1.421773503	0.373950307
obs_cycA__nuc_median	wt	1.809595702	0.377069649
obs_cycA__nuc_median	wt	1.604831433	0.38019575
obs_cycA__nuc_median	wt	1.736517231	0.38332864
obs_cycA__nuc_median	wt	1.910892492	0.386468347
obs_cycA__nuc_median	wt	1.892080249	0.389614902
obs_cycA__nuc_median	wt	2.031725215	0.392768335
obs_cycA__nuc_median	wt	1.779930194	0.395928676
obs_cycA__nuc_median	wt	2.035343001	0.399095955
obs_cycA__nuc_median	wt	2.053431554	0.402270203
obs_cycA__nuc_median	wt	2.049813863	0.40545145
obs_cycA__nuc_median	wt	1.706128127	0.408639728
obs_cycA__nuc_median	wt	1.304558566	0.411835067
obs_cycA__nuc_median	wt	1.752435283	0.415037499
obs_cycA__nuc_median	wt	2.418100319	0.418247056
obs_cycA__nuc_median	wt	2.012189376	0.421463768
obs_cycA__nuc_median	wt	1.103412083	0.424687669
obs_cycA__nuc_median	wt	1.801636724	0.427918791
obs_cycA__nuc_median	wt	0.897200623	0.431157165
obs_cycA__nuc_median	wt	1.817554681	0.434402824
obs_cycA__nuc_median	wt	2.25023694	0.437655802
obs_cycA__nuc_median	wt	2.095397518	0.440916131
obs_cycA__nuc_median	wt	1.827684445	0.444183845
obs_cycA__nuc_median	wt	2.211165263	0.447458977
obs_cycA__nuc_median	wt	1.845773188	0.450741561
obs_cycA__nuc_median	wt	1.055657832	0.454031631
obs_cycA__nuc_median	wt	1.613513912	0.457329221
obs_cycA__nuc_median	wt	2.185117637	0.460634366
obs_cycA__nuc_median	wt	1.421049907	0.4639471
obs_cycA__nuc_median	wt	0.900818315	0.467267458
obs_cycA__nuc_median	wt	0.817610173	0.470595476
obs_cycA__nuc_median	wt	0.810374695	0.473931188
obs_cycA__nuc_median	wt	2.233595293	0.477274631
obs_cycA__nuc_median	wt	1.787889268	0.480625841
obs_cycA__nuc_median	wt	0.997050317	0.483984853
obs_cycA__nuc_median	wt	1.947793478	0.487351704
obs_cycA__nuc_median	wt	1.950687764	0.490726431
obs_cycA__nuc_median	wt	2.300161882	0.49410907
obs_cycA__nuc_median	wt	2.661936266	0.497499659
obs_cycA__nuc_median	wt	2.312462148	0.500898236
obs_cycA__nuc_median	wt	3.517894521	0.504304837
obs_cycA__nuc_median	wt	3.549730625	0.507719502
obs_cycA__nuc_median	wt	2.134469195	0.511142267
obs_cycA__nuc_median	wt	1.824066659	0.514573173
obs_cycA__nuc_median	wt	3.122836937	0.518012257
obs_cycA__nuc_median	wt	2.053431554	0.521459558
obs_cycA__nuc_median	wt	2.202482784	0.524915117
obs_cycA__nuc_median	wt	3.033840319	0.528378972
obs_cycA__nuc_median	wt	2.687983987	0.531851164
obs_cycA__nuc_median	wt	2.766127246	0.535331733
obs_cycA__nuc_median	wt	2.97957428	0.538820719
obs_cycA__nuc_median	wt	0.659876559	0.542318163
obs_cycA__nuc_median	wt	2.889854161	0.545824107
obs_cycA__nuc_median	wt	1.580230807	0.549338591
obs_cycA__nuc_median	wt	2.574386743	0.552861658
obs_cycA__nuc_median	wt	1.835643519	0.556393349
obs_cycA__nuc_median	wt	2.665553957	0.559933706
obs_cycA__nuc_median	wt	1.996994919	0.563482773
obs_cycA__nuc_median	wt	1.47314554	0.567040593
obs_cycA__nuc_median	wt	2.946290985	0.570607208
obs_cycA__nuc_median	wt	1.953581955	0.574182662
obs_cycA__nuc_median	wt	2.038960693	0.577766999
obs_cycA__nuc_median	wt	2.231424697	0.581360264
obs_cycA__nuc_median	wt	3.606167544	0.584962501
obs_cycA__nuc_median	wt	3.2660995	0.588573754
obs_cycA__nuc_median	wt	2.613458514	0.59219407
obs_cycA__nuc_median	wt	2.802304827	0.595823493
obs_cycA__nuc_median	wt	2.049813863	0.59946207
obs_cycA__nuc_median	wt	2.392052597	0.603109847
obs_cycA__nuc_median	wt	3.95130047	0.606766871
obs_cycA__nuc_median	wt	3.439751451	0.610433188
obs_cycA__nuc_median	wt	4.140146593	0.614108846
obs_cycA__nuc_median	wt	0.889965145	0.617793893
obs_cycA__nuc_median	wt	0.636723029	0.621488377
obs_cycA__nuc_median	wt	1.1649136	0.625192346
obs_cycA__nuc_median	wt	0.615740095	0.628905848
obs_cycA__nuc_median	wt	0.625146169	0.632628934
obs_cycA__nuc_median	wt	0.963767117	0.636361653
obs_cycA__nuc_median	wt	1.185896629	0.640104055
obs_cycA__nuc_median	wt	0.64974689	0.64385619
obs_cycA__nuc_median	wt	0.597651352	0.647618109
obs_cycA__nuc_median	wt	0.465965459	0.651389862
obs_cycA__nuc_median	wt	0.372627648	0.655171503
obs_cycA__nuc_median	wt	0.502142945	0.658963082
obs_cycA__nuc_median	wt	0.664217846	0.662764652
obs_cycA__nuc_median	wt	0.651917486	0.666576266
obs_cycA__nuc_median	wt	0.380586722	0.670397977
obs_cycA__nuc_median	wt	0.382033817	0.674229839
obs_cycA__nuc_median	wt	0.817610173	0.678071905
obs_cycA__nuc_median	wt	0.813268981	0.681924231
obs_cycA__nuc_median	wt	0.625146169	0.68578687
obs_cycA__nuc_median	wt	0.631658147	0.689659879
obs_cycA__nuc_median	wt	0.428340878	0.693543314
obs_cycA__nuc_median	wt	0.601992639	0.69743723
obs_cycA__nuc_median	wt	0.555685483	0.701341684
obs_cycA__nuc_median	wt	0.619357786	0.705256734
obs_cycA__nuc_median	wt	0.774197304	0.709182438
obs_cycA__nuc_median	wt	0.558579675	0.713118852
obs_cycA__nuc_median	wt	0.426893877	0.717066037
obs_cycA__nuc_median	wt	0.442088334	0.72102405
obs_cycA__nuc_median	wt	0.732231436	0.724992953
obs_cycA__nuc_median	wt	0.396504774	0.728972803
obs_cycA__nuc_median	wt	0.454388694	0.732963664
obs_cycA__nuc_median	wt	0.560026865	0.736965594
obs_cycA__nuc_median	wt	0.622251978	0.740978657
obs_cycA__nuc_median	wt	0.463071268	0.745002913
obs_cycA__nuc_median	wt	0.51371971	0.749038426
obs_cycA__nuc_median	wt	0.405187347	0.75308526
obs_cycA__nuc_median	wt	0.510825519	0.757143476
obs_cycA__nuc_median	wt	0.470306746	0.76121314
obs_cycA__nuc_median	wt	0.588968778	0.765294317
obs_cycA__nuc_median	wt	0.519508092	0.769387072
obs_cycA__nuc_median	wt	0.454388694	0.77349147
obs_cycA__nuc_median	wt	0.34296214	0.777607579
obs_cycA__nuc_median	wt	0.346579927	0.781735464
obs_cycA__nuc_median	wt	0.596204256	0.785875195
obs_cycA__nuc_median	wt	0.489118989	0.790026838
obs_cycA__nuc_median	wt	0.338620853	0.794190463
obs_cycA__nuc_median	wt	0.36466867	0.798366139
obs_cycA__nuc_median	wt	0.348750523	0.802553936
obs_cycA__nuc_median	wt	0.454388694	0.806753924
obs_cycA__nuc_median	wt	0.444259025	0.810966176
obs_cycA__nuc_median	wt	0.482607106	0.815190761
obs_cycA__nuc_median	wt	0.460177077	0.819427754
obs_cycA__nuc_median	wt	0.588968778	0.823677227
obs_cycA__nuc_median	wt	0.487671988	0.827939254
obs_cycA__nuc_median	wt	0.314020227	0.832213909
obs_cycA__nuc_median	wt	0.354538905	0.836501268
obs_cycA__nuc_median	wt	0.474648033	0.840801405
obs_cycA__nuc_median	wt	0.408805134	0.845114398
obs_cycA__nuc_median	wt	0.450047407	0.849440323
obs_cycA__nuc_median	wt	0.409528634	0.853779259
obs_cycA__nuc_median	wt	0.473200937	0.858131284
obs_cycA__nuc_median	wt	0.544108718	0.862496476
obs_cycA__nuc_median	wt	0.423999686	0.866874917
obs_cycA__nuc_median	wt	0.45583579	0.871266686
obs_cycA__nuc_median	wt	0.405910943	0.875671865
obs_cycA__nuc_median	wt	0.5491736	0.880090536
obs_cycA__nuc_median	wt	0.528914262	0.884522783
obs_cycA__nuc_median	wt	0.372627648	0.888968688
obs_cycA__nuc_median	wt	0.450047407	0.893428336
obs_cycA__nuc_median	wt	0.27494855	0.897901812
obs_cycA__nuc_median	wt	0.545555814	0.902389203
obs_cycA__nuc_median	wt	0.506484232	0.906890596
obs_cycA__nuc_median	wt	0.412422826	0.911406077
obs_cycA__nuc_median	wt	0.502866445	0.915935735
obs_cycA__nuc_median	wt	0.333556066	0.92047966
obs_cycA__nuc_median	wt	0.60488683	0.925037942
obs_cycA__nuc_median	wt	0.436299951	0.929610672
obs_cycA__nuc_median	wt	0.462347767	0.934197942
obs_cycA__nuc_median	wt	0.5484501	0.938799844
obs_cycA__nuc_median	wt	0.50359004	0.943416472
obs_cycA__nuc_median	wt	0.423999686	0.94804792
obs_cycA__nuc_median	wt	0.46885965	0.952694285
obs_cycA__nuc_median	wt	0.361050883	0.957355663
obs_cycA__nuc_median	wt	0.321255706	0.96203215
obs_cycA__nuc_median	wt	0.512272614	0.966723845
obs_cycA__nuc_median	wt	0.475371628	0.971430848
obs_cycA__nuc_median	wt	0.520231593	0.976153258
obs_cycA__nuc_median	wt	0.454388694	0.980891177
obs_cycA__nuc_median	wt	0.367562861	0.985644707
obs_cycA__nuc_median	wt	0.386375104	0.990413951
obs_cycA__nuc_median	wt	0.523849379	0.995199014
obs_cycB1__nuc_median	wt	0.785500343	0
obs_cycB1__nuc_median	wt	0.869982064	0.002406498
obs_cycB1__nuc_median	wt	0.850209774	0.004817016
obs_cycB1__nuc_median	wt	0.740563202	0.007231569
obs_cycB1__nuc_median	wt	1.148591961	0.00965017
obs_cycB1__nuc_median	wt	0.681246331	0.012072832
obs_cycB1__nuc_median	wt	0.789095304	0.01449957
obs_cycB1__nuc_median	wt	0.758538011	0.016930396
obs_cycB1__nuc_median	wt	0.816057518	0.019365325
obs_cycB1__nuc_median	wt	0.798082709	0.02180437
obs_cycB1__nuc_median	wt	1.153984403	0.024247546
obs_cycB1__nuc_median	wt	1.006590732	0.026694867
obs_cycB1__nuc_median	wt	0.657878961	0.029146346
obs_cycB1__nuc_median	wt	0.71899343	0.031601997
obs_cycB1__nuc_median	wt	0.745955644	0.034061836
obs_cycB1__nuc_median	wt	0.857399697	0.036525876
obs_cycB1__nuc_median	wt	0.876273188	0.038994132
obs_cycB1__nuc_median	wt	0.804373833	0.041466617
obs_cycB1__nuc_median	wt	0.798082709	0.043943348
obs_cycB1__nuc_median	wt	0.592270849	0.046424337
obs_cycB1__nuc_median	wt	0.951767505	0.0489096
obs_cycB1__nuc_median	wt	0.939185138	0.051399153
obs_cycB1__nuc_median	wt	1.122528428	0.053893008
obs_cycB1__nuc_median	wt	0.96345119	0.056391182
obs_cycB1__nuc_median	wt	0.781905381	0.058893689
obs_cycB1__nuc_median	wt	0.729778316	0.061400545
obs_cycB1__nuc_median	wt	1.039844306	0.063911764
obs_cycB1__nuc_median	wt	1.145895798	0.066427362
obs_cycB1__nuc_median	wt	0.786399024	0.068947354
obs_cycB1__nuc_median	wt	0.886159392	0.071471755
obs_cycB1__nuc_median	wt	0.701917303	0.074000581
obs_cycB1__nuc_median	wt	0.936488858	0.076533848
obs_cycB1__nuc_median	wt	0.603954416	0.079071571
obs_cycB1__nuc_median	wt	1.286998228	0.081613766
obs_cycB1__nuc_median	wt	0.875374507	0.084160448
obs_cycB1__nuc_median	wt	0.825044923	0.086711633
obs_cycB1__nuc_median	wt	0.624625505	0.089267338
obs_cycB1__nuc_median	wt	0.808867595	0.091827578
obs_cycB1__nuc_median	wt	0.625524305	0.09439237
obs_cycB1__nuc_median	wt	0.853804735	0.09696173
obs_cycB1__nuc_median	wt	0.657878961	0.099535674
obs_cycB1__nuc_median	wt	0.886159392	0.102114218
obs_cycB1__nuc_median	wt	0.620131862	0.104697379
obs_cycB1__nuc_median	wt	0.445775859	0.107285173
obs_cycB1__nuc_median	wt	0.681246331	0.109877618
obs_cycB1__nuc_median	wt	0.720790911	0.112474729
obs_cycB1__nuc_median	wt	0.625524305	0.115076524
obs_cycB1__nuc_median	wt	0.51048529	0.11768302
obs_cycB1__nuc_median	wt	0.620131862	0.120294234
obs_cycB1__nuc_median	wt	0.704613583	0.122910182
obs_cycB1__nuc_median	wt	0.569802278	0.125530882
obs_cycB1__nuc_median	wt	0.594967011	0.128156351
obs_cycB1__nuc_median	wt	0.512282771	0.130786608
obs_cycB1__nuc_median	wt	0.620131862	0.133421668
obs_cycB1__nuc_median	wt	0.713600988	0.13606155
obs_cycB1__nuc_median	wt	0.735170759	0.138706271
obs_cycB1__nuc_median	wt	0.754943049	0.141355849
obs_cycB1__nuc_median	wt	0.745056963	0.144010303
obs_cycB1__nuc_median	wt	0.880766949	0.146669649
obs_cycB1__nuc_median	wt	0.663271404	0.149333907
obs_cycB1__nuc_median	wt	0.611144339	0.152003093
obs_cycB1__nuc_median	wt	0.904134201	0.154677228
obs_cycB1__nuc_median	wt	1.064110239	0.157356328
obs_cycB1__nuc_median	wt	0.844817213	0.160040413
obs_cycB1__nuc_median	wt	0.681246331	0.1627295
obs_cycB1__nuc_median	wt	0.740563202	0.165423609
obs_cycB1__nuc_median	wt	0.723487074	0.168122759
obs_cycB1__nuc_median	wt	0.914020405	0.170826968
obs_cycB1__nuc_median	wt	0.841222251	0.173536255
obs_cycB1__nuc_median	wt	0.818753799	0.17625064
obs_cycB1__nuc_median	wt	0.783702862	0.178970141
obs_cycB1__nuc_median	wt	0.785500343	0.181694778
obs_cycB1__nuc_median	wt	0.918514049	0.184424571
obs_cycB1__nuc_median	wt	0.947273861	0.187159539
obs_cycB1__nuc_median	wt	1.011983293	0.189899701
obs_cycB1__nuc_median	wt	1.260035896	0.192645078
obs_cycB1__nuc_median	wt	1.116237186	0.195395689
obs_cycB1__nuc_median	wt	1.054224153	0.198151554
obs_cycB1__nuc_median	wt	1.004793251	0.200912694
obs_cycB1__nuc_median	wt	1.143199518	0.203679128
obs_cycB1__nuc_median	wt	0.853804735	0.206450877
obs_cycB1__nuc_median	wt	1.124325909	0.209227962
obs_cycB1__nuc_median	wt	0.881665631	0.212010403
obs_cycB1__nuc_median	wt	0.976033556	0.21479822
obs_cycB1__nuc_median	wt	0.943678782	0.217591435
obs_cycB1__nuc_median	wt	1.112642342	0.220390068
obs_cycB1__nuc_median	wt	0.791791467	0.223194141
obs_cycB1__nuc_median	wt	1.344517735	0.226003675
obs_cycB1__nuc_median	wt	0.713600988	0.22881869
obs_cycB1__nuc_median	wt	0.949071342	0.23163921
obs_cycB1__nuc_median	wt	0.875374507	0.234465254
obs_cycB1__nuc_median	wt	1.457759151	0.237296844
obs_cycB1__nuc_median	wt	1.537747111	0.240134004
obs_cycB1__nuc_median	wt	1.111743543	0.242976753
obs_cycB1__nuc_median	wt	1.082085166	0.245825116
obs_cycB1__nuc_median	wt	1.349910178	0.248679113
obs_cycB1__nuc_median	wt	1.243858568	0.251538767
obs_cycB1__nuc_median	wt	1.211503911	0.254404101
obs_cycB1__nuc_median	wt	1.224086277	0.257275137
obs_cycB1__nuc_median	wt	0.85919706	0.260151897
obs_cycB1__nuc_median	wt	0.69922114	0.263034406
obs_cycB1__nuc_median	wt	0.898741759	0.265922685
obs_cycB1__nuc_median	wt	1.060515278	0.268816758
obs_cycB1__nuc_median	wt	0.916716568	0.271716649
obs_cycB1__nuc_median	wt	0.841222251	0.27462238
obs_cycB1__nuc_median	wt	0.934691377	0.277533976
obs_cycB1__nuc_median	wt	0.683043694	0.280451459
obs_cycB1__nuc_median	wt	0.871779545	0.283374854
obs_cycB1__nuc_median	wt	0.821449961	0.286304185
obs_cycB1__nuc_median	wt	1.073097644	0.289239476
obs_cycB1__nuc_median	wt	0.887956873	0.292180751
obs_cycB1__nuc_median	wt	0.991312203	0.295128036
obs_cycB1__nuc_median	wt	0.843918532	0.298081353
obs_cycB1__nuc_median	wt	0.949071342	0.301040728
obs_cycB1__nuc_median	wt	0.945476381	0.304006187
obs_cycB1__nuc_median	wt	1.074895243	0.306977753
obs_cycB1__nuc_median	wt	0.629119266	0.309955453
obs_cycB1__nuc_median	wt	0.858298379	0.312939312
obs_cycB1__nuc_median	wt	1.002995888	0.315929354
obs_cycB1__nuc_median	wt	1.100059858	0.318925607
obs_cycB1__nuc_median	wt	0.769322896	0.321928095
obs_cycB1__nuc_median	wt	1.45596167	0.324936845
obs_cycB1__nuc_median	wt	0.634511709	0.327951883
obs_cycB1__nuc_median	wt	0.852007137	0.330973234
obs_cycB1__nuc_median	wt	0.869083264	0.334000927
obs_cycB1__nuc_median	wt	0.940982619	0.337034987
obs_cycB1__nuc_median	wt	1.060515278	0.340075442
obs_cycB1__nuc_median	wt	1.180946617	0.343122317
obs_cycB1__nuc_median	wt	0.842121051	0.346175641
obs_cycB1__nuc_median	wt	0.961653709	0.349235441
obs_cycB1__nuc_median	wt	0.794487747	0.352301744
obs_cycB1__nuc_median	wt	0.596764492	0.355374578
obs_cycB1__nuc_median	wt	1.062312758	0.358453971
obs_cycB1__nuc_median	wt	1.188136541	0.361539951
obs_cycB1__nuc_median	wt	1.020970579	0.364632546
obs_cycB1__nuc_median	wt	1.047932911	0.367731785
obs_cycB1__nuc_median	wt	1.290593189	0.370837695
obs_cycB1__nuc_median	wt	0.848412175	0.373950307
obs_cycB1__nuc_median	wt	1.179149136	0.377069649
obs_cycB1__nuc_median	wt	1.150389442	0.38019575
obs_cycB1__nuc_median	wt	1.360694946	0.38332864
obs_cycB1__nuc_median	wt	0.932894014	0.386468347
obs_cycB1__nuc_median	wt	1.351707541	0.389614902
obs_cycB1__nuc_median	wt	1.170161732	0.392768335
obs_cycB1__nuc_median	wt	1.225883758	0.395928676
obs_cycB1__nuc_median	wt	1.318454203	0.399095955
obs_cycB1__nuc_median	wt	1.150389442	0.402270203
obs_cycB1__nuc_median	wt	1.391252239	0.40545145
obs_cycB1__nuc_median	wt	0.967046152	0.408639728
obs_cycB1__nuc_median	wt	0.941881301	0.411835067
obs_cycB1__nuc_median	wt	1.152186923	0.415037499
obs_cycB1__nuc_median	wt	1.119832266	0.418247056
obs_cycB1__nuc_median	wt	1.100059858	0.421463768
obs_cycB1__nuc_median	wt	0.878070669	0.424687669
obs_cycB1__nuc_median	wt	1.234871163	0.427918791
obs_cycB1__nuc_median	wt	1.369682468	0.431157165
obs_cycB1__nuc_median	wt	0.877171988	0.434402824
obs_cycB1__nuc_median	wt	0.910425444	0.437655802
obs_cycB1__nuc_median	wt	1.376872392	0.440916131
obs_cycB1__nuc_median	wt	0.992210885	0.444183845
obs_cycB1__nuc_median	wt	1.288795709	0.447458977
obs_cycB1__nuc_median	wt	2.119232956	0.450741561
obs_cycB1__nuc_median	wt	1.216896354	0.454031631
obs_cycB1__nuc_median	wt	0.931096533	0.457329221
obs_cycB1__nuc_median	wt	1.674355897	0.460634366
obs_cycB1__nuc_median	wt	0.767525533	0.4639471
obs_cycB1__nuc_median	wt	1.214200073	0.467267458
obs_cycB1__nuc_median	wt	1.246554848	0.470595476
obs_cycB1__nuc_median	wt	1.220491316	0.473931188
obs_cycB1__nuc_median	wt	1.822648368	0.477274631
obs_cycB1__nuc_median	wt	1.130617151	0.480625841
obs_cycB1__nuc_median	wt	0.776512938	0.483984853
obs_cycB1__nuc_median	wt	1.400239644	0.487351704
obs_cycB1__nuc_median	wt	1.655482289	0.490726431
obs_cycB1__nuc_median	wt	1.579987972	0.49410907
obs_cycB1__nuc_median	wt	1.469442836	0.497499659
obs_cycB1__nuc_median	wt	0.936488858	0.500898236
obs_cycB1__nuc_median	wt	1.790293594	0.504304837
obs_cycB1__nuc_median	wt	1.808268403	0.507719502
obs_cycB1__nuc_median	wt	0.832234847	0.511142267
obs_cycB1__nuc_median	wt	1.756141338	0.514573173
obs_cycB1__nuc_median	wt	1.797483517	0.518012257
obs_cycB1__nuc_median	wt	1.653684808	0.521459558
obs_cycB1__nuc_median	wt	1.174655493	0.524915117
obs_cycB1__nuc_median	wt	1.428999456	0.528378972
obs_cycB1__nuc_median	wt	1.534152149	0.531851164
obs_cycB1__nuc_median	wt	1.644697403	0.535331733
obs_cycB1__nuc_median	wt	1.053325354	0.538820719
obs_cycB1__nuc_median	wt	1.024565659	0.542318163
obs_cycB1__nuc_median	wt	1.790293594	0.545824107
obs_cycB1__nuc_median	wt	1.001198289	0.549338591
obs_cycB1__nuc_median	wt	1.155781884	0.552861658
obs_cycB1__nuc_median	wt	1.154883203	0.556393349
obs_cycB1__nuc_median	wt	2.334931021	0.559933706
obs_cycB1__nuc_median	wt	1.324745327	0.563482773
obs_cycB1__nuc_median	wt	1.085680011	0.567040593
obs_cycB1__nuc_median	wt	1.216896354	0.570607208
obs_cycB1__nuc_median	wt	1.8855602	0.574182662
obs_cycB1__nuc_median	wt	1.623127632	0.577766999
obs_cycB1__nuc_median	wt	1.22947872	0.581360264
obs_cycB1__nuc_median	wt	1.826243212	0.584962501
obs_cycB1__nuc_median	wt	1.321150365	0.588573754
obs_cycB1__nuc_median	wt	1.51617734	0.59219407
obs_cycB1__nuc_median	wt	1.403834606	0.595823493
obs_cycB1__nuc_median	wt	1.155781884	0.59946207
obs_cycB1__nuc_median	wt	1.301378075	0.603109847
obs_cycB1__nuc_median	wt	1.591671657	0.606766871
obs_cycB1__nuc_median	wt	1.605152705	0.610433188
obs_cycB1__nuc_median	wt	1.367884869	0.614108846
obs_cycB1__nuc_median	wt	0.869982064	0.617793893
obs_cycB1__nuc_median	wt	1.152186923	0.621488377
obs_cycB1__nuc_median	wt	0.79988019	0.625192346
obs_cycB1__nuc_median	wt	0.654283999	0.628905848
obs_cycB1__nuc_median	wt	0.701018621	0.632628934
obs_cycB1__nuc_median	wt	0.913121606	0.636361653
obs_cycB1__nuc_median	wt	0.999400808	0.640104055
obs_cycB1__nuc_median	wt	0.741462001	0.64385619
obs_cycB1__nuc_median	wt	0.965248671	0.647618109
obs_cycB1__nuc_median	wt	1.109047263	0.651389862
obs_cycB1__nuc_median	wt	0.791791467	0.655171503
obs_cycB1__nuc_median	wt	1.110844861	0.658963082
obs_cycB1__nuc_median	wt	0.745056963	0.662764652
obs_cycB1__nuc_median	wt	1.33013777	0.666576266
obs_cycB1__nuc_median	wt	0.688436255	0.670397977
obs_cycB1__nuc_median	wt	0.863690822	0.674229839
obs_cycB1__nuc_median	wt	1.371479949	0.678071905
obs_cycB1__nuc_median	wt	1.344517617	0.681924231
obs_cycB1__nuc_median	wt	1.285200747	0.68578687
obs_cycB1__nuc_median	wt	1.291491989	0.689659879
obs_cycB1__nuc_median	wt	0.907729163	0.693543314
obs_cycB1__nuc_median	wt	0.985020961	0.69743723
obs_cycB1__nuc_median	wt	0.772917858	0.701341684
obs_cycB1__nuc_median	wt	1.042540468	0.705256734
obs_cycB1__nuc_median	wt	0.940083938	0.709182438
obs_cycB1__nuc_median	wt	0.997603327	0.713118852
obs_cycB1__nuc_median	wt	0.796285228	0.717066037
obs_cycB1__nuc_median	wt	0.856500898	0.72102405
obs_cycB1__nuc_median	wt	0.907729163	0.724992953
obs_cycB1__nuc_median	wt	0.898741759	0.728972803
obs_cycB1__nuc_median	wt	0.83942477	0.732963664
obs_cycB1__nuc_median	wt	1.04613543	0.736965594
obs_cycB1__nuc_median	wt	0.878969468	0.740978657
obs_cycB1__nuc_median	wt	0.701018621	0.745002913
obs_cycB1__nuc_median	wt	1.31036548	0.749038426
obs_cycB1__nuc_median	wt	0.877171988	0.75308526
obs_cycB1__nuc_median	wt	1.313960441	0.757143476
obs_cycB1__nuc_median	wt	1.243858568	0.76121314
obs_cycB1__nuc_median	wt	0.878969468	0.765294317
obs_cycB1__nuc_median	wt	1.029957984	0.769387072
obs_cycB1__nuc_median	wt	0.932894014	0.77349147
obs_cycB1__nuc_median	wt	0.976033556	0.777607579
obs_cycB1__nuc_median	wt	0.889754354	0.781735464
obs_cycB1__nuc_median	wt	0.774715339	0.785875195
obs_cycB1__nuc_median	wt	0.909526644	0.790026838
obs_cycB1__nuc_median	wt	0.649790356	0.794190463
obs_cycB1__nuc_median	wt	0.75674053	0.798366139
obs_cycB1__nuc_median	wt	0.918514049	0.802553936
obs_cycB1__nuc_median	wt	1.06590772	0.806753924
obs_cycB1__nuc_median	wt	0.970641113	0.810966176
obs_cycB1__nuc_median	wt	0.815158837	0.815190761
obs_cycB1__nuc_median	wt	1.073097644	0.819427754
obs_cycB1__nuc_median	wt	0.907729163	0.823677227
obs_cycB1__nuc_median	wt	1.157579365	0.827939254
obs_cycB1__nuc_median	wt	0.622828024	0.832213909
obs_cycB1__nuc_median	wt	0.639904152	0.836501268
obs_cycB1__nuc_median	wt	0.869083264	0.840801405
obs_cycB1__nuc_median	wt	0.910425444	0.845114398
obs_cycB1__nuc_median	wt	0.785500343	0.849440323
obs_cycB1__nuc_median	wt	0.977831037	0.853779259
obs_cycB1__nuc_median	wt	1.091072571	0.858131284
obs_cycB1__nuc_median	wt	0.985020961	0.862496476
obs_cycB1__nuc_median	wt	0.747753125	0.866874917
obs_cycB1__nuc_median	wt	0.844817213	0.871266686
obs_cycB1__nuc_median	wt	0.892450517	0.875671865
obs_cycB1__nuc_median	wt	1.002097089	0.880090536
obs_cycB1__nuc_median	wt	0.659676442	0.884522783
obs_cycB1__nuc_median	wt	0.691132417	0.888968688
obs_cycB1__nuc_median	wt	0.985020961	0.893428336
obs_cycB1__nuc_median	wt	0.875374507	0.897901812
obs_cycB1__nuc_median	wt	0.995805846	0.902389203
obs_cycB1__nuc_median	wt	1.020071898	0.906890596
obs_cycB1__nuc_median	wt	1.037147908	0.911406077
obs_cycB1__nuc_median	wt	0.968843633	0.915935735
obs_cycB1__nuc_median	wt	0.729778316	0.92047966
obs_cycB1__nuc_median	wt	0.967046152	0.925037942
obs_cycB1__nuc_median	wt	1.038046707	0.929610672
obs_cycB1__nuc_median	wt	0.869083264	0.934197942
obs_cycB1__nuc_median	wt	0.713600988	0.938799844
obs_cycB1__nuc_median	wt	0.907729163	0.943416472
obs_cycB1__nuc_median	wt	0.668663847	0.94804792
obs_cycB1__nuc_median	wt	0.625524305	0.952694285
obs_cycB1__nuc_median	wt	1.136908276	0.957355663
obs_cycB1__nuc_median	wt	0.69382858	0.96203215
obs_cycB1__nuc_median	wt	0.96345119	0.966723845
obs_cycB1__nuc_median	wt	0.837627289	0.971430848
obs_cycB1__nuc_median	wt	0.921210329	0.976153258
obs_cycB1__nuc_median	wt	0.932894014	0.980891177
obs_cycB1__nuc_median	wt	0.654283999	0.985644707
obs_cycB1__nuc_median	wt	0.758538011	0.990413951
obs_cycB1__nuc_median	wt	0.720790911	0.995199014
obs_cycE__nuc_median	wt	0.836524181	0
obs_cycE__nuc_median	wt	0.859322499	0.002406498
obs_cycE__nuc_median	wt	0.859322499	0.004817016
obs_cycE__nuc_median	wt	0.892643119	0.007231569
obs_cycE__nuc_median	wt	0.789173712	0.00965017
obs_cycE__nuc_median	wt	1.018910844	0.012072832
obs_cycE__nuc_median	wt	1.078537445	0.01449957
obs_cycE__nuc_median	wt	0.915441552	0.016930396
obs_cycE__nuc_median	wt	0.876859667	0.019365325
obs_cycE__nuc_median	wt	0.861076216	0.02180437
obs_cycE__nuc_median	wt	0.951392804	0.024247546
obs_cycE__nuc_median	wt	0.889135685	0.026694867
obs_cycE__nuc_median	wt	1.155701099	0.029146346
obs_cycE__nuc_median	wt	0.866337366	0.031601997
obs_cycE__nuc_median	wt	0.833016747	0.034061836
obs_cycE__nuc_median	wt	1.078537445	0.036525876
obs_cycE__nuc_median	wt	0.773390261	0.038994132
obs_cycE__nuc_median	wt	0.842662132	0.041466617
obs_cycE__nuc_median	wt	0.766375394	0.043943348
obs_cycE__nuc_median	wt	0.547160448	0.046424337
obs_cycE__nuc_median	wt	1.123257166	0.0489096
obs_cycE__nuc_median	wt	0.729547226	0.051399153
obs_cycE__nuc_median	wt	0.700610841	0.053893008
obs_cycE__nuc_median	wt	0.929471286	0.056391182
obs_cycE__nuc_median	wt	0.731300943	0.058893689
obs_cycE__nuc_median	wt	0.80144973	0.061400545
obs_cycE__nuc_median	wt	0.896150552	0.063911764
obs_cycE__nuc_median	wt	0.883874535	0.066427362
obs_cycE__nuc_median	wt	0.672551372	0.068947354
obs_cycE__nuc_median	wt	0.815479464	0.071471755
obs_cycE__nuc_median	wt	0.848800198	0.074000581
obs_cycE__nuc_median	wt	0.726039792	0.076533848
obs_cycE__nuc_median	wt	0.671674571	0.079071571
obs_cycE__nuc_median	wt	1.108350631	0.081613766
obs_cycE__nuc_median	wt	1.06450771	0.084160448
obs_cycE__nuc_median	wt	1.012772892	0.086711633
obs_cycE__nuc_median	wt	0.644491903	0.089267338
obs_cycE__nuc_median	wt	0.59801835	0.091827578
obs_cycE__nuc_median	wt	1.018910844	0.09439237
obs_cycE__nuc_median	wt	0.969806773	0.09696173
obs_cycE__nuc_median	wt	0.69973404	0.099535674
obs_cycE__nuc_median	wt	1.010142374	0.102114218
obs_cycE__nuc_median	wt	0.997866242	0.104697379
obs_cycE__nuc_median	wt	0.606786934	0.107285173
obs_cycE__nuc_median	wt	0.948762171	0.109877618
obs_cycE__nuc_median	wt	0.654137288	0.112474729
obs_cycE__nuc_median	wt	0.638353837	0.115076524
obs_cycE__nuc_median	wt	0.520854696	0.11768302
obs_cycE__nuc_median	wt	0.861076216	0.120294234
obs_cycE__nuc_median	wt	0.906672853	0.122910182
obs_cycE__nuc_median	wt	0.778651411	0.125530882
obs_cycE__nuc_median	wt	0.640107554	0.128156351
obs_cycE__nuc_median	wt	0.843539048	0.130786608
obs_cycE__nuc_median	wt	0.715517491	0.133421668
obs_cycE__nuc_median	wt	0.822494331	0.13606155
obs_cycE__nuc_median	wt	0.899657986	0.138706271
obs_cycE__nuc_median	wt	0.871598517	0.141355849
obs_cycE__nuc_median	wt	0.726916708	0.144010303
obs_cycE__nuc_median	wt	0.925963853	0.146669649
obs_cycE__nuc_median	wt	1.018910844	0.149333907
obs_cycE__nuc_median	wt	0.978575472	0.152003093
obs_cycE__nuc_median	wt	0.941747304	0.154677228
obs_cycE__nuc_median	wt	1.108350631	0.157356328
obs_cycE__nuc_median	wt	1.162715966	0.160040413
obs_cycE__nuc_median	wt	0.892643119	0.1627295
obs_cycE__nuc_median	wt	0.802326646	0.165423609
obs_cycE__nuc_median	wt	1.004004308	0.168122759
obs_cycE__nuc_median	wt	0.86458365	0.170826968
obs_cycE__nuc_median	wt	0.897904269	0.173536255
obs_cycE__nuc_median	wt	1.143424967	0.17625064
obs_cycE__nuc_median	wt	1.339841594	0.178970141
obs_cycE__nuc_median	wt	0.834770349	0.181694778
obs_cycE__nuc_median	wt	0.627831536	0.184424571
obs_cycE__nuc_median	wt	0.814602663	0.187159539
obs_cycE__nuc_median	wt	1.322304426	0.189899701
obs_cycE__nuc_median	wt	1.294244842	0.192645078
obs_cycE__nuc_median	wt	1.166223285	0.195395689
obs_cycE__nuc_median	wt	1.063630795	0.198151554
obs_cycE__nuc_median	wt	0.959284472	0.200912694
obs_cycE__nuc_median	wt	1.201297736	0.203679128
obs_cycE__nuc_median	wt	1.281968824	0.206450877
obs_cycE__nuc_median	wt	1.16096225	0.209227962
obs_cycE__nuc_median	wt	1.322304426	0.212010403
obs_cycE__nuc_median	wt	1.080291047	0.21479822
obs_cycE__nuc_median	wt	0.822494446	0.217591435
obs_cycE__nuc_median	wt	1.395960532	0.220390068
obs_cycE__nuc_median	wt	0.982082791	0.223194141
obs_cycE__nuc_median	wt	0.772513345	0.226003675
obs_cycE__nuc_median	wt	0.822494446	0.22881869
obs_cycE__nuc_median	wt	1.157454701	0.23163921
obs_cycE__nuc_median	wt	1.594130875	0.234465254
obs_cycE__nuc_median	wt	1.376669647	0.237296844
obs_cycE__nuc_median	wt	1.331949811	0.240134004
obs_cycE__nuc_median	wt	1.033817609	0.242976753
obs_cycE__nuc_median	wt	0.857568782	0.245825116
obs_cycE__nuc_median	wt	1.37491593	0.248679113
obs_cycE__nuc_median	wt	1.264431656	0.251538767
obs_cycE__nuc_median	wt	1.089059631	0.254404101
obs_cycE__nuc_median	wt	1.353871328	0.257275137
obs_cycE__nuc_median	wt	0.957530755	0.260151897
obs_cycE__nuc_median	wt	0.799696013	0.263034406
obs_cycE__nuc_median	wt	0.790050513	0.265922685
obs_cycE__nuc_median	wt	0.76286796	0.268816758
obs_cycE__nuc_median	wt	0.82600188	0.271716649
obs_cycE__nuc_median	wt	0.857568782	0.27462238
obs_cycE__nuc_median	wt	0.696226606	0.277533976
obs_cycE__nuc_median	wt	0.740069527	0.280451459
obs_cycE__nuc_median	wt	1.006634941	0.283374854
obs_cycE__nuc_median	wt	0.820740615	0.286304185
obs_cycE__nuc_median	wt	0.790927429	0.289239476
obs_cycE__nuc_median	wt	0.894396835	0.292180751
obs_cycE__nuc_median	wt	0.989974574	0.295128036
obs_cycE__nuc_median	wt	0.862829933	0.298081353
obs_cycE__nuc_median	wt	0.901411818	0.301040728
obs_cycE__nuc_median	wt	0.887381968	0.304006187
obs_cycE__nuc_median	wt	0.790927429	0.306977753
obs_cycE__nuc_median	wt	0.638353837	0.309955453
obs_cycE__nuc_median	wt	0.957530755	0.312939312
obs_cycE__nuc_median	wt	1.00137379	0.315929354
obs_cycE__nuc_median	wt	0.87422915	0.318925607
obs_cycE__nuc_median	wt	0.842662132	0.321928095
obs_cycE__nuc_median	wt	1.362639912	0.324936845
obs_cycE__nuc_median	wt	0.834770349	0.327951883
obs_cycE__nuc_median	wt	1.061877078	0.330973234
obs_cycE__nuc_median	wt	1.087306029	0.334000927
obs_cycE__nuc_median	wt	1.089936547	0.337034987
obs_cycE__nuc_median	wt	0.787419995	0.340075442
obs_cycE__nuc_median	wt	0.810218314	0.343122317
obs_cycE__nuc_median	wt	0.98646714	0.346175641
obs_cycE__nuc_median	wt	0.906672853	0.349235441
obs_cycE__nuc_median	wt	1.227603488	0.352301744
obs_cycE__nuc_median	wt	1.03031006	0.355374578
obs_cycE__nuc_median	wt	1.182006851	0.358453971
obs_cycE__nuc_median	wt	1.113611781	0.361539951
obs_cycE__nuc_median	wt	1.09782833	0.364632546
obs_cycE__nuc_median	wt	0.920702587	0.367731785
obs_cycE__nuc_median	wt	1.157454701	0.370837695
obs_cycE__nuc_median	wt	1.44769535	0.373950307
obs_cycE__nuc_median	wt	1.010142374	0.377069649
obs_cycE__nuc_median	wt	1.201297736	0.38019575
obs_cycE__nuc_median	wt	0.966299339	0.38332864
obs_cycE__nuc_median	wt	1.029433259	0.386468347
obs_cycE__nuc_median	wt	0.957530755	0.389614902
obs_cycE__nuc_median	wt	0.992605206	0.392768335
obs_cycE__nuc_median	wt	1.041709277	0.395928676
obs_cycE__nuc_median	wt	1.184637369	0.399095955
obs_cycE__nuc_median	wt	1.004881109	0.402270203
obs_cycE__nuc_median	wt	0.960161388	0.40545145
obs_cycE__nuc_median	wt	0.947008454	0.408639728
obs_cycE__nuc_median	wt	0.919825787	0.411835067
obs_cycE__nuc_median	wt	1.020664675	0.415037499
obs_cycE__nuc_median	wt	1.018910844	0.418247056
obs_cycE__nuc_median	wt	1.084675396	0.421463768
obs_cycE__nuc_median	wt	0.8601993	0.424687669
obs_cycE__nuc_median	wt	0.911934003	0.427918791
obs_cycE__nuc_median	wt	1.215327471	0.431157165
obs_cycE__nuc_median	wt	0.98646714	0.434402824
obs_cycE__nuc_median	wt	0.8794903	0.437655802
obs_cycE__nuc_median	wt	1.127641515	0.440916131
obs_cycE__nuc_median	wt	1.245140771	0.444183845
obs_cycE__nuc_median	wt	1.086429113	0.447458977
obs_cycE__nuc_median	wt	0.943501021	0.450741561
obs_cycE__nuc_median	wt	1.837897856	0.454031631
obs_cycE__nuc_median	wt	0.996112525	0.457329221
obs_cycE__nuc_median	wt	0.838277783	0.460634366
obs_cycE__nuc_median	wt	0.980329074	0.4639471
obs_cycE__nuc_median	wt	1.624820977	0.467267458
obs_cycE__nuc_median	wt	1.443311	0.470595476
obs_cycE__nuc_median	wt	1.599392026	0.473931188
obs_cycE__nuc_median	wt	1.074153095	0.477274631
obs_cycE__nuc_median	wt	1.125887914	0.480625841
obs_cycE__nuc_median	wt	1.267062289	0.483984853
obs_cycE__nuc_median	wt	1.014526724	0.487351704
obs_cycE__nuc_median	wt	0.80671088	0.490726431
obs_cycE__nuc_median	wt	0.97682164	0.49410907
obs_cycE__nuc_median	wt	0.996989441	0.497499659
obs_cycE__nuc_median	wt	0.906672853	0.500898236
obs_cycE__nuc_median	wt	1.008388658	0.504304837
obs_cycE__nuc_median	wt	1.253909355	0.507719502
obs_cycE__nuc_median	wt	1.078537445	0.511142267
obs_cycE__nuc_median	wt	0.957530755	0.514573173
obs_cycE__nuc_median	wt	1.073276179	0.518012257
obs_cycE__nuc_median	wt	1.183760568	0.521459558
obs_cycE__nuc_median	wt	0.964545737	0.524915117
obs_cycE__nuc_median	wt	1.087306029	0.528378972
obs_cycE__nuc_median	wt	1.037325042	0.531851164
obs_cycE__nuc_median	wt	1.164469683	0.535331733
obs_cycE__nuc_median	wt	0.957530755	0.538820719
obs_cycE__nuc_median	wt	2.083418669	0.542318163
obs_cycE__nuc_median	wt	1.025925826	0.545824107
obs_cycE__nuc_median	wt	0.91368772	0.549338591
obs_cycE__nuc_median	wt	1.132902781	0.552861658
obs_cycE__nuc_median	wt	0.910180402	0.556393349
obs_cycE__nuc_median	wt	1.073276179	0.559933706
obs_cycE__nuc_median	wt	1.104843197	0.563482773
obs_cycE__nuc_median	wt	0.86458365	0.567040593
obs_cycE__nuc_median	wt	1.208312603	0.570607208
obs_cycE__nuc_median	wt	0.985590339	0.574182662
obs_cycE__nuc_median	wt	0.882997734	0.577766999
obs_cycE__nuc_median	wt	1.003127507	0.581360264
obs_cycE__nuc_median	wt	1.169730834	0.584962501
obs_cycE__nuc_median	wt	1.169730834	0.588573754
obs_cycE__nuc_median	wt	1.235495271	0.59219407
obs_cycE__nuc_median	wt	1.011019175	0.595823493
obs_cycE__nuc_median	wt	1.023295193	0.59946207
obs_cycE__nuc_median	wt	1.078537445	0.603109847
obs_cycE__nuc_median	wt	1.415251531	0.606766871
obs_cycE__nuc_median	wt	1.33107301	0.610433188
obs_cycE__nuc_median	wt	1.425773832	0.614108846
obs_cycE__nuc_median	wt	0.784789363	0.617793893
obs_cycE__nuc_median	wt	0.96191499	0.621488377
obs_cycE__nuc_median	wt	1.123257166	0.625192346
obs_cycE__nuc_median	wt	0.975067923	0.628905848
obs_cycE__nuc_median	wt	1.120626648	0.632628934
obs_cycE__nuc_median	wt	1.096074498	0.636361653
obs_cycE__nuc_median	wt	1.096951414	0.640104055
obs_cycE__nuc_median	wt	1.077660529	0.64385619
obs_cycE__nuc_median	wt	1.239879621	0.647618109
obs_cycE__nuc_median	wt	1.406482947	0.651389862
obs_cycE__nuc_median	wt	0.946131539	0.655171503
obs_cycE__nuc_median	wt	1.192529152	0.658963082
obs_cycE__nuc_median	wt	1.02504891	0.662764652
obs_cycE__nuc_median	wt	1.82649864	0.666576266
obs_cycE__nuc_median	wt	0.967176255	0.670397977
obs_cycE__nuc_median	wt	1.719521799	0.674229839
obs_cycE__nuc_median	wt	1.406482947	0.678071905
obs_cycE__nuc_median	wt	1.260924223	0.681924231
obs_cycE__nuc_median	wt	1.178499418	0.68578687
obs_cycE__nuc_median	wt	0.962791906	0.689659879
obs_cycE__nuc_median	wt	1.932598794	0.693543314
obs_cycE__nuc_median	wt	0.922456419	0.69743723
obs_cycE__nuc_median	wt	1.332826727	0.701341684
obs_cycE__nuc_median	wt	1.066261312	0.705256734
obs_cycE__nuc_median	wt	1.20480517	0.709182438
obs_cycE__nuc_median	wt	1.010142374	0.713118852
obs_cycE__nuc_median	wt	1.155701099	0.717066037
obs_cycE__nuc_median	wt	1.290737408	0.72102405
obs_cycE__nuc_median	wt	1.202174652	0.724992953
obs_cycE__nuc_median	wt	1.203051453	0.728972803
obs_cycE__nuc_median	wt	1.003127507	0.732963664
obs_cycE__nuc_median	wt	1.000496875	0.736965594
obs_cycE__nuc_median	wt	1.013649808	0.740978657
obs_cycE__nuc_median	wt	1.075029896	0.745002913
obs_cycE__nuc_median	wt	0.964545737	0.749038426
obs_cycE__nuc_median	wt	0.964545737	0.75308526
obs_cycE__nuc_median	wt	0.996112525	0.757143476
obs_cycE__nuc_median	wt	0.852307632	0.76121314
obs_cycE__nuc_median	wt	0.696226606	0.765294317
obs_cycE__nuc_median	wt	1.37491593	0.769387072
obs_cycE__nuc_median	wt	0.815479464	0.77349147
obs_cycE__nuc_median	wt	0.906672853	0.777607579
obs_cycE__nuc_median	wt	0.764621677	0.781735464
obs_cycE__nuc_median	wt	0.930348087	0.785875195
obs_cycE__nuc_median	wt	0.931225003	0.790026838
obs_cycE__nuc_median	wt	0.850553915	0.794190463
obs_cycE__nuc_median	wt	0.683950589	0.798366139
obs_cycE__nuc_median	wt	0.901411818	0.802553936
obs_cycE__nuc_median	wt	1.011895976	0.806753924
obs_cycE__nuc_median	wt	1.253032439	0.810966176
obs_cycE__nuc_median	wt	1.103966281	0.815190761
obs_cycE__nuc_median	wt	1.317043275	0.819427754
obs_cycE__nuc_median	wt	0.987344056	0.823677227
obs_cycE__nuc_median	wt	0.925963853	0.827939254
obs_cycE__nuc_median	wt	1.189021719	0.832213909
obs_cycE__nuc_median	wt	0.659398439	0.836501268
obs_cycE__nuc_median	wt	0.711133142	0.840801405
obs_cycE__nuc_median	wt	0.740069527	0.845114398
obs_cycE__nuc_median	wt	0.741823243	0.849440323
obs_cycE__nuc_median	wt	0.865460451	0.853779259
obs_cycE__nuc_median	wt	0.878613384	0.858131284
obs_cycE__nuc_median	wt	0.870721601	0.862496476
obs_cycE__nuc_median	wt	1.262677939	0.866874917
obs_cycE__nuc_median	wt	0.910180402	0.871266686
obs_cycE__nuc_median	wt	0.787419995	0.875671865
obs_cycE__nuc_median	wt	0.855815066	0.880090536
obs_cycE__nuc_median	wt	0.790050513	0.884522783
obs_cycE__nuc_median	wt	1.006634941	0.888968688
obs_cycE__nuc_median	wt	0.759360526	0.893428336
obs_cycE__nuc_median	wt	0.773390261	0.897901812
obs_cycE__nuc_median	wt	0.946131539	0.902389203
obs_cycE__nuc_median	wt	0.797065495	0.906890596
obs_cycE__nuc_median	wt	0.955777039	0.911406077
obs_cycE__nuc_median	wt	0.926840654	0.915935735
obs_cycE__nuc_median	wt	1.067138228	0.92047966
obs_cycE__nuc_median	wt	0.997866242	0.925037942
obs_cycE__nuc_median	wt	0.886505167	0.929610672
obs_cycE__nuc_median	wt	0.795311778	0.934197942
obs_cycE__nuc_median	wt	1.046970427	0.938799844
obs_cycE__nuc_median	wt	0.776897694	0.943416472
obs_cycE__nuc_median	wt	1.011895976	0.94804792
obs_cycE__nuc_median	wt	0.911934003	0.952694285
obs_cycE__nuc_median	wt	0.808464597	0.957355663
obs_cycE__nuc_median	wt	0.850553915	0.96203215
obs_cycE__nuc_median	wt	1.090813462	0.966723845
obs_cycE__nuc_median	wt	0.911934003	0.971430848
obs_cycE__nuc_median	wt	0.76286796	0.976153258
obs_cycE__nuc_median	wt	1.06450771	0.980891177
obs_cycE__nuc_median	wt	0.931225003	0.985644707
obs_cycE__nuc_median	wt	0.755853093	0.990413951
obs_cycE__nuc_median	wt	0.972437406	0.995199014
obs_E2F1__nuc_median	wt	0.958888299	0
obs_E2F1__nuc_median	wt	0.652716929	0.002406498
obs_E2F1__nuc_median	wt	0.743559074	0.004817016
obs_E2F1__nuc_median	wt	0.758699394	0.007231569
obs_E2F1__nuc_median	wt	0.775521973	0.00965017
obs_E2F1__nuc_median	wt	0.990851309	0.012072832
obs_E2F1__nuc_median	wt	0.665333918	0.01449957
obs_E2F1__nuc_median	wt	0.792344662	0.016930396
obs_E2F1__nuc_median	wt	0.836083366	0.019365325
obs_E2F1__nuc_median	wt	0.810849498	0.02180437
obs_E2F1__nuc_median	wt	0.794026809	0.024247546
obs_E2F1__nuc_median	wt	0.780568746	0.026694867
obs_E2F1__nuc_median	wt	0.834401108	0.029146346
obs_E2F1__nuc_median	wt	0.900009274	0.031601997
obs_E2F1__nuc_median	wt	0.659446071	0.034061836
obs_E2F1__nuc_median	wt	0.810849498	0.036525876
obs_E2F1__nuc_median	wt	0.645146824	0.038994132
obs_E2F1__nuc_median	wt	0.867205191	0.041466617
obs_E2F1__nuc_median	wt	0.662810586	0.043943348
obs_E2F1__nuc_median	wt	0.772157457	0.046424337
obs_E2F1__nuc_median	wt	0.862158418	0.0489096
obs_E2F1__nuc_median	wt	0.69140897	0.051399153
obs_E2F1__nuc_median	wt	0.819260787	0.053893008
obs_E2F1__nuc_median	wt	0.825989819	0.056391182
obs_E2F1__nuc_median	wt	0.64010005	0.058893689
obs_E2F1__nuc_median	wt	0.684679938	0.061400545
obs_E2F1__nuc_median	wt	0.841130139	0.063911764
obs_E2F1__nuc_median	wt	0.930289916	0.066427362
obs_E2F1__nuc_median	wt	0.647670266	0.068947354
obs_E2F1__nuc_median	wt	0.837765624	0.071471755
obs_E2F1__nuc_median	wt	0.673745207	0.074000581
obs_E2F1__nuc_median	wt	0.704867033	0.076533848
obs_E2F1__nuc_median	wt	0.637576719	0.079071571
obs_E2F1__nuc_median	wt	1.328985688	0.081613766
obs_E2F1__nuc_median	wt	1.434967933	0.084160448
obs_E2F1__nuc_median	wt	0.9311311	0.086711633
obs_E2F1__nuc_median	wt	0.690567896	0.089267338
obs_E2F1__nuc_median	wt	0.592155646	0.091827578
obs_E2F1__nuc_median	wt	1.078328827	0.09439237
obs_E2F1__nuc_median	wt	0.810849498	0.09696173
obs_E2F1__nuc_median	wt	0.827672076	0.099535674
obs_E2F1__nuc_median	wt	0.812531756	0.102114218
obs_E2F1__nuc_median	wt	0.883186586	0.104697379
obs_E2F1__nuc_median	wt	0.770475199	0.107285173
obs_E2F1__nuc_median	wt	0.898327017	0.109877618
obs_E2F1__nuc_median	wt	0.842812397	0.112474729
obs_E2F1__nuc_median	wt	0.642623382	0.115076524
obs_E2F1__nuc_median	wt	0.654399297	0.11768302
obs_E2F1__nuc_median	wt	0.937018947	0.120294234
obs_E2F1__nuc_median	wt	0.622436288	0.122910182
obs_E2F1__nuc_median	wt	0.916831853	0.125530882
obs_E2F1__nuc_median	wt	0.829354334	0.128156351
obs_E2F1__nuc_median	wt	0.844494655	0.130786608
obs_E2F1__nuc_median	wt	1.000944856	0.133421668
obs_E2F1__nuc_median	wt	0.866364117	0.13606155
obs_E2F1__nuc_median	wt	0.760381652	0.138706271
obs_E2F1__nuc_median	wt	0.933654431	0.141355849
obs_E2F1__nuc_median	wt	0.905056048	0.144010303
obs_E2F1__nuc_median	wt	0.933654431	0.146669649
obs_E2F1__nuc_median	wt	1.128796673	0.149333907
obs_E2F1__nuc_median	wt	0.874775296	0.152003093
obs_E2F1__nuc_median	wt	0.963935073	0.154677228
obs_E2F1__nuc_median	wt	0.960570667	0.157356328
obs_E2F1__nuc_median	wt	0.901691532	0.160040413
obs_E2F1__nuc_median	wt	1.022814208	0.1627295
obs_E2F1__nuc_median	wt	1.009356145	0.165423609
obs_E2F1__nuc_median	wt	1.026178834	0.168122759
obs_E2F1__nuc_median	wt	0.749446921	0.170826968
obs_E2F1__nuc_median	wt	0.765428426	0.173536255
obs_E2F1__nuc_median	wt	0.848700355	0.17625064
obs_E2F1__nuc_median	wt	0.893280243	0.178970141
obs_E2F1__nuc_median	wt	1.09178689	0.181694778
obs_E2F1__nuc_median	wt	0.799914767	0.184424571
obs_E2F1__nuc_median	wt	1.711699846	0.187159539
obs_E2F1__nuc_median	wt	0.824307561	0.189899701
obs_E2F1__nuc_median	wt	1.085057859	0.192645078
obs_E2F1__nuc_median	wt	1.105244953	0.195395689
obs_E2F1__nuc_median	wt	1.294499237	0.198151554
obs_E2F1__nuc_median	wt	0.975710988	0.200912694
obs_E2F1__nuc_median	wt	1.022814318	0.203679128
obs_E2F1__nuc_median	wt	0.844494655	0.206450877
obs_E2F1__nuc_median	wt	1.133002263	0.209227962
obs_E2F1__nuc_median	wt	1.165806346	0.212010403
obs_E2F1__nuc_median	wt	1.441697075	0.21479822
obs_E2F1__nuc_median	wt	0.782251004	0.217591435
obs_E2F1__nuc_median	wt	1.221320965	0.220390068
obs_E2F1__nuc_median	wt	1.212909676	0.223194141
obs_E2F1__nuc_median	wt	0.771316383	0.226003675
obs_E2F1__nuc_median	wt	1.069917538	0.22881869
obs_E2F1__nuc_median	wt	0.90337379	0.23163921
obs_E2F1__nuc_median	wt	1.258330638	0.234465254
obs_E2F1__nuc_median	wt	1.137207962	0.237296844
obs_E2F1__nuc_median	wt	0.942065721	0.240134004
obs_E2F1__nuc_median	wt	1.362630846	0.242976753
obs_E2F1__nuc_median	wt	0.873093149	0.245825116
obs_E2F1__nuc_median	wt	0.790662293	0.248679113
obs_E2F1__nuc_median	wt	0.820943045	0.251538767
obs_E2F1__nuc_median	wt	1.236461286	0.254404101
obs_E2F1__nuc_median	wt	0.723371869	0.257275137
obs_E2F1__nuc_median	wt	1.254966122	0.260151897
obs_E2F1__nuc_median	wt	1.620016628	0.263034406
obs_E2F1__nuc_median	wt	1.291975905	0.265922685
obs_E2F1__nuc_median	wt	1.236461286	0.268816758
obs_E2F1__nuc_median	wt	1.57123115	0.271716649
obs_E2F1__nuc_median	wt	1.205339571	0.27462238
obs_E2F1__nuc_median	wt	1.105244953	0.277533976
obs_E2F1__nuc_median	wt	1.285246874	0.280451459
obs_E2F1__nuc_median	wt	1.593941576	0.283374854
obs_E2F1__nuc_median	wt	1.17085312	0.286304185
obs_E2F1__nuc_median	wt	1.053936144	0.289239476
obs_E2F1__nuc_median	wt	1.293658163	0.292180751
obs_E2F1__nuc_median	wt	1.298704937	0.295128036
obs_E2F1__nuc_median	wt	1.098515922	0.298081353
obs_E2F1__nuc_median	wt	1.059823991	0.301040728
obs_E2F1__nuc_median	wt	1.029543239	0.304006187
obs_E2F1__nuc_median	wt	1.145619252	0.306977753
obs_E2F1__nuc_median	wt	0.748605847	0.309955453
obs_E2F1__nuc_median	wt	1.839551553	0.312939312
obs_E2F1__nuc_median	wt	1.122067642	0.315929354
obs_E2F1__nuc_median	wt	1.291134721	0.318925607
obs_E2F1__nuc_median	wt	1.686465978	0.321928095
obs_E2F1__nuc_median	wt	1.789924891	0.324936845
obs_E2F1__nuc_median	wt	1.670484474	0.327951883
obs_E2F1__nuc_median	wt	1.498893952	0.330973234
obs_E2F1__nuc_median	wt	1.886654994	0.334000927
obs_E2F1__nuc_median	wt	1.272629885	0.337034987
obs_E2F1__nuc_median	wt	1.811794354	0.340075442
obs_E2F1__nuc_median	wt	0.777204231	0.343122317
obs_E2F1__nuc_median	wt	1.861421016	0.346175641
obs_E2F1__nuc_median	wt	1.413098691	0.349235441
obs_E2F1__nuc_median	wt	2.11291884	0.352301744
obs_E2F1__nuc_median	wt	2.23067711	0.355374578
obs_E2F1__nuc_median	wt	1.653661895	0.358453971
obs_E2F1__nuc_median	wt	1.591418244	0.361539951
obs_E2F1__nuc_median	wt	2.358528818	0.364632546
obs_E2F1__nuc_median	wt	1.702447373	0.367731785
obs_E2F1__nuc_median	wt	1.919459077	0.370837695
obs_E2F1__nuc_median	wt	1.890019399	0.373950307
obs_E2F1__nuc_median	wt	1.352537298	0.377069649
obs_E2F1__nuc_median	wt	1.199451503	0.38019575
obs_E2F1__nuc_median	wt	1.256648491	0.38332864
obs_E2F1__nuc_median	wt	1.218797523	0.386468347
obs_E2F1__nuc_median	wt	1.034590123	0.389614902
obs_E2F1__nuc_median	wt	1.022814208	0.392768335
obs_E2F1__nuc_median	wt	0.805802724	0.395928676
obs_E2F1__nuc_median	wt	1.212909676	0.399095955
obs_E2F1__nuc_median	wt	0.842812397	0.402270203
obs_E2F1__nuc_median	wt	1.704970815	0.40545145
obs_E2F1__nuc_median	wt	1.943010577	0.408639728
obs_E2F1__nuc_median	wt	0.693932412	0.411835067
obs_E2F1__nuc_median	wt	0.797391325	0.415037499
obs_E2F1__nuc_median	wt	1.707494146	0.418247056
obs_E2F1__nuc_median	wt	1.414780839	0.421463768
obs_E2F1__nuc_median	wt	1.40216396	0.424687669
obs_E2F1__nuc_median	wt	0.750288105	0.427918791
obs_E2F1__nuc_median	wt	0.962252925	0.431157165
obs_E2F1__nuc_median	wt	1.904318756	0.434402824
obs_E2F1__nuc_median	wt	0.914308521	0.437655802
obs_E2F1__nuc_median	wt	0.943747979	0.440916131
obs_E2F1__nuc_median	wt	2.232359368	0.444183845
obs_E2F1__nuc_median	wt	1.596465018	0.447458977
obs_E2F1__nuc_median	wt	0.726736385	0.450741561
obs_E2F1__nuc_median	wt	1.352537298	0.454031631
obs_E2F1__nuc_median	wt	0.923560884	0.457329221
obs_E2F1__nuc_median	wt	0.634212093	0.460634366
obs_E2F1__nuc_median	wt	1.079170011	0.4639471
obs_E2F1__nuc_median	wt	1.201974945	0.467267458
obs_E2F1__nuc_median	wt	1.106086137	0.470595476
obs_E2F1__nuc_median	wt	1.111973984	0.473931188
obs_E2F1__nuc_median	wt	0.807484982	0.477274631
obs_E2F1__nuc_median	wt	0.717484022	0.480625841
obs_E2F1__nuc_median	wt	1.59478276	0.483984853
obs_E2F1__nuc_median	wt	0.703184775	0.487351704
obs_E2F1__nuc_median	wt	0.617389514	0.490726431
obs_E2F1__nuc_median	wt	0.725054237	0.49410907
obs_E2F1__nuc_median	wt	0.746923589	0.497499659
obs_E2F1__nuc_median	wt	0.617389514	0.500898236
obs_E2F1__nuc_median	wt	0.893280243	0.504304837
obs_E2F1__nuc_median	wt	0.90337379	0.507719502
obs_E2F1__nuc_median	wt	1.405528476	0.511142267
obs_E2F1__nuc_median	wt	0.940383463	0.514573173
obs_E2F1__nuc_median	wt	0.812531756	0.518012257
obs_E2F1__nuc_median	wt	0.829354334	0.521459558
obs_E2F1__nuc_median	wt	0.649352413	0.524915117
obs_E2F1__nuc_median	wt	1.007673887	0.528378972
obs_E2F1__nuc_median	wt	0.814214014	0.531851164
obs_E2F1__nuc_median	wt	0.662810586	0.535331733
obs_E2F1__nuc_median	wt	0.780568746	0.538820719
obs_E2F1__nuc_median	wt	1.648615011	0.542318163
obs_E2F1__nuc_median	wt	1.111973984	0.545824107
obs_E2F1__nuc_median	wt	0.893280243	0.549338591
obs_E2F1__nuc_median	wt	0.720007353	0.552861658
obs_E2F1__nuc_median	wt	0.716642838	0.556393349
obs_E2F1__nuc_median	wt	0.751970363	0.559933706
obs_E2F1__nuc_median	wt	1.10019829	0.563482773
obs_E2F1__nuc_median	wt	0.725054237	0.567040593
obs_E2F1__nuc_median	wt	0.928607658	0.570607208
obs_E2F1__nuc_median	wt	0.819260787	0.574182662
obs_E2F1__nuc_median	wt	0.799914767	0.577766999
obs_E2F1__nuc_median	wt	0.718325206	0.581360264
obs_E2F1__nuc_median	wt	0.999262598	0.584962501
obs_E2F1__nuc_median	wt	0.674586391	0.588573754
obs_E2F1__nuc_median	wt	0.709913806	0.59219407
obs_E2F1__nuc_median	wt	0.756175952	0.595823493
obs_E2F1__nuc_median	wt	1.094310332	0.59946207
obs_E2F1__nuc_median	wt	1.064870765	0.603109847
obs_E2F1__nuc_median	wt	1.369359877	0.606766871
obs_E2F1__nuc_median	wt	1.034590123	0.610433188
obs_E2F1__nuc_median	wt	2.079273793	0.614108846
obs_E2F1__nuc_median	wt	1.381135682	0.617793893
obs_E2F1__nuc_median	wt	0.669539618	0.621488377
obs_E2F1__nuc_median	wt	0.71916628	0.625192346
obs_E2F1__nuc_median	wt	0.728418643	0.628905848
obs_E2F1__nuc_median	wt	0.7385123	0.632628934
obs_E2F1__nuc_median	wt	0.979075504	0.636361653
obs_E2F1__nuc_median	wt	1.016085177	0.640104055
obs_E2F1__nuc_median	wt	1.381976866	0.64385619
obs_E2F1__nuc_median	wt	1.221320965	0.647618109
obs_E2F1__nuc_median	wt	1.039636897	0.651389862
obs_E2F1__nuc_median	wt	0.887392285	0.655171503
obs_E2F1__nuc_median	wt	0.827672076	0.658963082
obs_E2F1__nuc_median	wt	0.731783269	0.662764652
obs_E2F1__nuc_median	wt	0.916831853	0.666576266
obs_E2F1__nuc_median	wt	0.979075504	0.670397977
obs_E2F1__nuc_median	wt	0.756175952	0.674229839
obs_E2F1__nuc_median	wt	1.236461286	0.678071905
obs_E2F1__nuc_median	wt	0.911785079	0.681924231
obs_E2F1__nuc_median	wt	0.982440019	0.68578687
obs_E2F1__nuc_median	wt	0.95047701	0.689659879
obs_E2F1__nuc_median	wt	0.839447881	0.693543314
obs_E2F1__nuc_median	wt	0.854588202	0.69743723
obs_E2F1__nuc_median	wt	0.802438098	0.701341684
obs_E2F1__nuc_median	wt	0.95047701	0.705256734
obs_E2F1__nuc_median	wt	1.30375171	0.709182438
obs_E2F1__nuc_median	wt	0.765428426	0.713118852
obs_E2F1__nuc_median	wt	1.009356145	0.717066037
obs_E2F1__nuc_median	wt	1.348331599	0.72102405
obs_E2F1__nuc_median	wt	1.039636897	0.724992953
obs_E2F1__nuc_median	wt	1.063188507	0.728972803
obs_E2F1__nuc_median	wt	0.930289916	0.732963664
obs_E2F1__nuc_median	wt	0.690567896	0.736965594
obs_E2F1__nuc_median	wt	0.807484982	0.740978657
obs_E2F1__nuc_median	wt	1.122908716	0.745002913
obs_E2F1__nuc_median	wt	0.847859171	0.749038426
obs_E2F1__nuc_median	wt	0.95047701	0.75308526
obs_E2F1__nuc_median	wt	0.713278322	0.757143476
obs_E2F1__nuc_median	wt	0.841130139	0.76121314
obs_E2F1__nuc_median	wt	0.711596064	0.765294317
obs_E2F1__nuc_median	wt	1.004309372	0.769387072
obs_E2F1__nuc_median	wt	0.851223686	0.77349147
obs_E2F1__nuc_median	wt	0.837765624	0.777607579
obs_E2F1__nuc_median	wt	0.820943045	0.781735464
obs_E2F1__nuc_median	wt	0.679633165	0.785875195
obs_E2F1__nuc_median	wt	0.773839715	0.790026838
obs_E2F1__nuc_median	wt	0.831036592	0.794190463
obs_E2F1__nuc_median	wt	0.786456704	0.798366139
obs_E2F1__nuc_median	wt	0.812531756	0.802553936
obs_E2F1__nuc_median	wt	0.752811437	0.806753924
obs_E2F1__nuc_median	wt	1.078328827	0.810966176
obs_E2F1__nuc_median	wt	0.76206391	0.815190761
obs_E2F1__nuc_median	wt	0.932813358	0.819427754
obs_E2F1__nuc_median	wt	0.778045415	0.823677227
obs_E2F1__nuc_median	wt	0.763746168	0.827939254
obs_E2F1__nuc_median	wt	0.905056048	0.832213909
obs_E2F1__nuc_median	wt	1.02113206	0.836501268
obs_E2F1__nuc_median	wt	0.667016176	0.840801405
obs_E2F1__nuc_median	wt	0.660287144	0.845114398
obs_E2F1__nuc_median	wt	0.645987898	0.849440323
obs_E2F1__nuc_median	wt	0.753652621	0.853779259
obs_E2F1__nuc_median	wt	0.889915617	0.858131284
obs_E2F1__nuc_median	wt	0.958047225	0.862496476
obs_E2F1__nuc_median	wt	0.975710988	0.866874917
obs_E2F1__nuc_median	wt	1.041319155	0.871266686
obs_E2F1__nuc_median	wt	0.679633165	0.875671865
obs_E2F1__nuc_median	wt	0.68720338	0.880090536
obs_E2F1__nuc_median	wt	0.704025959	0.884522783
obs_E2F1__nuc_median	wt	1.024496466	0.888968688
obs_E2F1__nuc_median	wt	0.751970363	0.893428336
obs_E2F1__nuc_median	wt	0.723371869	0.897901812
obs_E2F1__nuc_median	wt	0.677950907	0.902389203
obs_E2F1__nuc_median	wt	0.661128329	0.906890596
obs_E2F1__nuc_median	wt	0.701502517	0.911406077
obs_E2F1__nuc_median	wt	0.716642838	0.915935735
obs_E2F1__nuc_median	wt	0.977393246	0.92047966
obs_E2F1__nuc_median	wt	0.790662293	0.925037942
obs_E2F1__nuc_median	wt	1.150666025	0.929610672
obs_E2F1__nuc_median	wt	0.693932412	0.934197942
obs_E2F1__nuc_median	wt	0.725054237	0.938799844
obs_E2F1__nuc_median	wt	0.681315423	0.943416472
obs_E2F1__nuc_median	wt	0.979075504	0.94804792
obs_E2F1__nuc_median	wt	0.957206041	0.952694285
obs_E2F1__nuc_median	wt	0.836083366	0.957355663
obs_E2F1__nuc_median	wt	0.83271885	0.96203215
obs_E2F1__nuc_median	wt	1.154030541	0.966723845
obs_E2F1__nuc_median	wt	0.867205191	0.971430848
obs_E2F1__nuc_median	wt	0.682997681	0.976153258
obs_E2F1__nuc_median	wt	0.735147784	0.980891177
obs_E2F1__nuc_median	wt	0.967299699	0.985644707
obs_E2F1__nuc_median	wt	0.770475199	0.990413951
obs_E2F1__nuc_median	wt	0.796550251	0.995199014
obs_pRB__nuc_median	wt	0.986595876	0
obs_pRB__nuc_median	wt	0.721166517	0.002406498
obs_pRB__nuc_median	wt	0.799187482	0.004817016
obs_pRB__nuc_median	wt	1.175585773	0.007231569
obs_pRB__nuc_median	wt	0.648944432	0.00965017
obs_pRB__nuc_median	wt	1.056972891	0.012072832
obs_pRB__nuc_median	wt	1.025079156	0.01449957
obs_pRB__nuc_median	wt	0.893023479	0.016930396
obs_pRB__nuc_median	wt	0.852958627	0.019365325
obs_pRB__nuc_median	wt	0.955229378	0.02180437
obs_pRB__nuc_median	wt	0.945476688	0.024247546
obs_pRB__nuc_median	wt	0.825545904	0.026694867
obs_pRB__nuc_median	wt	0.947848994	0.029146346
obs_pRB__nuc_median	wt	0.755959623	0.031601997
obs_pRB__nuc_median	wt	0.834507756	0.034061836
obs_pRB__nuc_median	wt	0.749106477	0.036525876
obs_pRB__nuc_median	wt	1.047483837	0.038994132
obs_pRB__nuc_median	wt	0.316828266	0.041466617
obs_pRB__nuc_median	wt	1.05091041	0.043943348
obs_pRB__nuc_median	wt	0.905148338	0.046424337
obs_pRB__nuc_median	wt	1.182966087	0.0489096
obs_pRB__nuc_median	wt	0.719585048	0.051399153
obs_pRB__nuc_median	wt	0.741462527	0.053893008
obs_pRB__nuc_median	wt	0.975788885	0.056391182
obs_pRB__nuc_median	wt	0.724593125	0.058893689
obs_pRB__nuc_median	wt	0.617314298	0.061400545
obs_pRB__nuc_median	wt	1.03931272	0.063911764
obs_pRB__nuc_median	wt	1.160297943	0.066427362
obs_pRB__nuc_median	wt	0.818956255	0.068947354
obs_pRB__nuc_median	wt	0.826073072	0.071471755
obs_pRB__nuc_median	wt	0.481832013	0.074000581
obs_pRB__nuc_median	wt	0.60624381	0.076533848
obs_pRB__nuc_median	wt	0.743307562	0.079071571
obs_pRB__nuc_median	wt	0.880898587	0.081613766
obs_pRB__nuc_median	wt	0.796551609	0.084160448
obs_pRB__nuc_median	wt	1.028505764	0.086711633
obs_pRB__nuc_median	wt	0.600708531	0.089267338
obs_pRB__nuc_median	wt	0.693226557	0.091827578
obs_pRB__nuc_median	wt	1.050383243	0.09439237
obs_pRB__nuc_median	wt	0.817111185	0.09696173
obs_pRB__nuc_median	wt	0.680047363	0.099535674
obs_pRB__nuc_median	wt	1.075950896	0.102114218
obs_pRB__nuc_median	wt	1.324774453	0.104697379
obs_pRB__nuc_median	wt	0.758068328	0.107285173
obs_pRB__nuc_median	wt	0.532440221	0.109877618
obs_pRB__nuc_median	wt	0.782318079	0.112474729
obs_pRB__nuc_median	wt	0.460481702	0.115076524
obs_pRB__nuc_median	wt	0.609406816	0.11768302
obs_pRB__nuc_median	wt	1.076478063	0.120294234
obs_pRB__nuc_median	wt	0.360583258	0.122910182
obs_pRB__nuc_median	wt	1.005837551	0.125530882
obs_pRB__nuc_median	wt	0.957338014	0.128156351
obs_pRB__nuc_median	wt	0.846369047	0.130786608
obs_pRB__nuc_median	wt	0.88353446	0.133421668
obs_pRB__nuc_median	wt	0.96050102	0.13606155
obs_pRB__nuc_median	wt	0.929925291	0.138706271
obs_pRB__nuc_median	wt	1.042212125	0.141355849
obs_pRB__nuc_median	wt	1.060135829	0.144010303
obs_pRB__nuc_median	wt	1.065407575	0.146669649
obs_pRB__nuc_median	wt	0.994239825	0.149333907
obs_pRB__nuc_median	wt	0.928343719	0.152003093
obs_pRB__nuc_median	wt	1.004255978	0.154677228
obs_pRB__nuc_median	wt	1.048011005	0.157356328
obs_pRB__nuc_median	wt	1.006364684	0.160040413
obs_pRB__nuc_median	wt	1.094929004	0.1627295
obs_pRB__nuc_median	wt	1.068834148	0.165423609
obs_pRB__nuc_median	wt	0.902512464	0.168122759
obs_pRB__nuc_median	wt	0.962873258	0.170826968
obs_pRB__nuc_median	wt	0.818692689	0.173536255
obs_pRB__nuc_median	wt	0.755168923	0.17625064
obs_pRB__nuc_median	wt	0.661596492	0.178970141
obs_pRB__nuc_median	wt	0.793388602	0.181694778
obs_pRB__nuc_median	wt	0.492375368	0.184424571
obs_pRB__nuc_median	wt	0.920699769	0.187159539
obs_pRB__nuc_median	wt	1.09123876	0.189899701
obs_pRB__nuc_median	wt	0.971307942	0.192645078
obs_pRB__nuc_median	wt	1.055391353	0.195395689
obs_pRB__nuc_median	wt	1.219867967	0.198151554
obs_pRB__nuc_median	wt	1.154499028	0.200912694
obs_pRB__nuc_median	wt	1.000829371	0.203679128
obs_pRB__nuc_median	wt	1.296570961	0.206450877
obs_pRB__nuc_median	wt	1.092029564	0.209227962
obs_pRB__nuc_median	wt	1.1094261	0.212010403
obs_pRB__nuc_median	wt	1.166623852	0.21479822
obs_pRB__nuc_median	wt	0.968935739	0.217591435
obs_pRB__nuc_median	wt	0.864556352	0.220390068
obs_pRB__nuc_median	wt	0.901458163	0.223194141
obs_pRB__nuc_median	wt	0.787062589	0.226003675
obs_pRB__nuc_median	wt	0.868246526	0.22881869
obs_pRB__nuc_median	wt	1.16715102	0.23163921
obs_pRB__nuc_median	wt	0.943631652	0.234465254
obs_pRB__nuc_median	wt	0.721166517	0.237296844
obs_pRB__nuc_median	wt	0.92676225	0.240134004
obs_pRB__nuc_median	wt	0.997402832	0.242976753
obs_pRB__nuc_median	wt	0.889333271	0.245825116
obs_pRB__nuc_median	wt	0.900403828	0.248679113
obs_pRB__nuc_median	wt	0.855067332	0.251538767
obs_pRB__nuc_median	wt	0.825545904	0.254404101
obs_pRB__nuc_median	wt	1.298943199	0.257275137
obs_pRB__nuc_median	wt	1.02007108	0.260151897
obs_pRB__nuc_median	wt	1.068043379	0.263034406
obs_pRB__nuc_median	wt	1.078586769	0.265922685
obs_pRB__nuc_median	wt	0.980006227	0.268816758
obs_pRB__nuc_median	wt	1.038521951	0.271716649
obs_pRB__nuc_median	wt	1.026133492	0.27462238
obs_pRB__nuc_median	wt	0.914637357	0.277533976
obs_pRB__nuc_median	wt	0.8555945	0.280451459
obs_pRB__nuc_median	wt	1.012690697	0.283374854
obs_pRB__nuc_median	wt	1.069097749	0.286304185
obs_pRB__nuc_median	wt	0.877208378	0.289239476
obs_pRB__nuc_median	wt	0.99318549	0.292180751
obs_pRB__nuc_median	wt	1.055391353	0.295128036
obs_pRB__nuc_median	wt	1.040103489	0.298081353
obs_pRB__nuc_median	wt	1.140265465	0.301040728
obs_pRB__nuc_median	wt	0.876154077	0.304006187
obs_pRB__nuc_median	wt	0.920436202	0.306977753
obs_pRB__nuc_median	wt	0.96524553	0.309955453
obs_pRB__nuc_median	wt	0.860866178	0.312939312
obs_pRB__nuc_median	wt	0.947321827	0.315929354
obs_pRB__nuc_median	wt	0.916482427	0.318925607
obs_pRB__nuc_median	wt	1.128140641	0.321928095
obs_pRB__nuc_median	wt	1.293144319	0.324936845
obs_pRB__nuc_median	wt	0.805249894	0.327951883
obs_pRB__nuc_median	wt	1.103100121	0.330973234
obs_pRB__nuc_median	wt	0.91621886	0.334000927
obs_pRB__nuc_median	wt	1.199308322	0.337034987
obs_pRB__nuc_median	wt	1.174004235	0.340075442
obs_pRB__nuc_median	wt	0.945740289	0.343122317
obs_pRB__nuc_median	wt	0.779155073	0.346175641
obs_pRB__nuc_median	wt	1.560155181	0.349235441
obs_pRB__nuc_median	wt	1.094401836	0.352301744
obs_pRB__nuc_median	wt	1.22118587	0.355374578
obs_pRB__nuc_median	wt	1.096510507	0.358453971
obs_pRB__nuc_median	wt	1.217759193	0.361539951
obs_pRB__nuc_median	wt	1.14342854	0.364632546
obs_pRB__nuc_median	wt	1.101782219	0.367731785
obs_pRB__nuc_median	wt	1.501375891	0.370837695
obs_pRB__nuc_median	wt	1.244908487	0.373950307
obs_pRB__nuc_median	wt	1.173213501	0.377069649
obs_pRB__nuc_median	wt	1.021652548	0.38019575
obs_pRB__nuc_median	wt	1.175585704	0.38332864
obs_pRB__nuc_median	wt	1.085176418	0.386468347
obs_pRB__nuc_median	wt	1.379863604	0.389614902
obs_pRB__nuc_median	wt	1.189028568	0.392768335
obs_pRB__nuc_median	wt	1.173477067	0.395928676
obs_pRB__nuc_median	wt	1.154235462	0.399095955
obs_pRB__nuc_median	wt	0.983696401	0.402270203
obs_pRB__nuc_median	wt	1.307114316	0.40545145
obs_pRB__nuc_median	wt	1.166096684	0.408639728
obs_pRB__nuc_median	wt	1.049856075	0.411835067
obs_pRB__nuc_median	wt	1.205634369	0.415037499
obs_pRB__nuc_median	wt	0.99793	0.418247056
obs_pRB__nuc_median	wt	1.205107236	0.421463768
obs_pRB__nuc_median	wt	1.318184804	0.424687669
obs_pRB__nuc_median	wt	1.201153461	0.427918791
obs_pRB__nuc_median	wt	0.974207382	0.431157165
obs_pRB__nuc_median	wt	1.368529411	0.434402824
obs_pRB__nuc_median	wt	1.12023309	0.437655802
obs_pRB__nuc_median	wt	1.171895599	0.440916131
obs_pRB__nuc_median	wt	0.709568792	0.444183845
obs_pRB__nuc_median	wt	1.587304338	0.447458977
obs_pRB__nuc_median	wt	1.32688309	0.450741561
obs_pRB__nuc_median	wt	1.11627928	0.454031631
obs_pRB__nuc_median	wt	1.44444167	0.457329221
obs_pRB__nuc_median	wt	0.735927248	0.460634366
obs_pRB__nuc_median	wt	1.265995163	0.4639471
obs_pRB__nuc_median	wt	1.042475692	0.467267458
obs_pRB__nuc_median	wt	0.910156449	0.470595476
obs_pRB__nuc_median	wt	1.133412249	0.473931188
obs_pRB__nuc_median	wt	1.217232025	0.477274631
obs_pRB__nuc_median	wt	1.334263473	0.480625841
obs_pRB__nuc_median	wt	1.290244914	0.483984853
obs_pRB__nuc_median	wt	1.24332688	0.487351704
obs_pRB__nuc_median	wt	1.068043379	0.490726431
obs_pRB__nuc_median	wt	1.107317394	0.49410907
obs_pRB__nuc_median	wt	1.323456551	0.497499659
obs_pRB__nuc_median	wt	0.766503012	0.500898236
obs_pRB__nuc_median	wt	1.370638186	0.504304837
obs_pRB__nuc_median	wt	1.522462704	0.507719502
obs_pRB__nuc_median	wt	1.072260721	0.511142267
obs_pRB__nuc_median	wt	1.276538483	0.514573173
obs_pRB__nuc_median	wt	1.365893607	0.518012257
obs_pRB__nuc_median	wt	1.599956467	0.521459558
obs_pRB__nuc_median	wt	0.675302854	0.524915117
obs_pRB__nuc_median	wt	1.029032931	0.528378972
obs_pRB__nuc_median	wt	1.317130504	0.531851164
obs_pRB__nuc_median	wt	0.960237454	0.535331733
obs_pRB__nuc_median	wt	1.160825111	0.538820719
obs_pRB__nuc_median	wt	1.666906875	0.542318163
obs_pRB__nuc_median	wt	1.293144319	0.545824107
obs_pRB__nuc_median	wt	1.206161537	0.549338591
obs_pRB__nuc_median	wt	1.042739293	0.552861658
obs_pRB__nuc_median	wt	0.921226971	0.556393349
obs_pRB__nuc_median	wt	1.391197693	0.559933706
obs_pRB__nuc_median	wt	1.427572268	0.563482773
obs_pRB__nuc_median	wt	1.015853703	0.567040593
obs_pRB__nuc_median	wt	1.772604095	0.570607208
obs_pRB__nuc_median	wt	0.590955876	0.574182662
obs_pRB__nuc_median	wt	1.269158169	0.577766999
obs_pRB__nuc_median	wt	0.980533464	0.581360264
obs_pRB__nuc_median	wt	1.443914503	0.584962501
obs_pRB__nuc_median	wt	1.085967152	0.588573754
obs_pRB__nuc_median	wt	1.403586153	0.59219407
obs_pRB__nuc_median	wt	1.308959386	0.595823493
obs_pRB__nuc_median	wt	0.953911406	0.59946207
obs_pRB__nuc_median	wt	0.880371419	0.603109847
obs_pRB__nuc_median	wt	1.727794802	0.606766871
obs_pRB__nuc_median	wt	1.226193911	0.610433188
obs_pRB__nuc_median	wt	0.440185727	0.614108846
obs_pRB__nuc_median	wt	0.816584052	0.617793893
obs_pRB__nuc_median	wt	0.900667429	0.621488377
obs_pRB__nuc_median	wt	1.282864531	0.625192346
obs_pRB__nuc_median	wt	1.024551988	0.628905848
obs_pRB__nuc_median	wt	0.990022483	0.632628934
obs_pRB__nuc_median	wt	1.021125381	0.636361653
obs_pRB__nuc_median	wt	1.316603405	0.640104055
obs_pRB__nuc_median	wt	1.955267945	0.64385619
obs_pRB__nuc_median	wt	1.816095452	0.647618109
obs_pRB__nuc_median	wt	1.788155561	0.651389862
obs_pRB__nuc_median	wt	1.351923644	0.655171503
obs_pRB__nuc_median	wt	1.62367905	0.658963082
obs_pRB__nuc_median	wt	1.321084244	0.662764652
obs_pRB__nuc_median	wt	0.881162153	0.666576266
obs_pRB__nuc_median	wt	0.701924877	0.670397977
obs_pRB__nuc_median	wt	0.744361967	0.674229839
obs_pRB__nuc_median	wt	1.582032729	0.678071905
obs_pRB__nuc_median	wt	1.273111945	0.681924231
obs_pRB__nuc_median	wt	1.212487584	0.68578687
obs_pRB__nuc_median	wt	0.945213121	0.689659879
obs_pRB__nuc_median	wt	0.848214117	0.693543314
obs_pRB__nuc_median	wt	1.005837551	0.69743723
obs_pRB__nuc_median	wt	1.175585773	0.701341684
obs_pRB__nuc_median	wt	1.2193408	0.705256734
obs_pRB__nuc_median	wt	1.558837279	0.709182438
obs_pRB__nuc_median	wt	0.943631652	0.713118852
obs_pRB__nuc_median	wt	1.318975539	0.717066037
obs_pRB__nuc_median	wt	1.276802084	0.72102405
obs_pRB__nuc_median	wt	1.18375689	0.724992953
obs_pRB__nuc_median	wt	1.109162602	0.728972803
obs_pRB__nuc_median	wt	1.204580068	0.732963664
obs_pRB__nuc_median	wt	1.024815589	0.736965594
obs_pRB__nuc_median	wt	1.470272925	0.740978657
obs_pRB__nuc_median	wt	1.500057989	0.745002913
obs_pRB__nuc_median	wt	0.880898587	0.749038426
obs_pRB__nuc_median	wt	0.592010211	0.75308526
obs_pRB__nuc_median	wt	0.124411761	0.757143476
obs_pRB__nuc_median	wt	0.206650069	0.76121314
obs_pRB__nuc_median	wt	0.076966595	0.765294317
obs_pRB__nuc_median	wt	0.14444417	0.769387072
obs_pRB__nuc_median	wt	0.105960856	0.77349147
obs_pRB__nuc_median	wt	0.408028425	0.777607579
obs_pRB__nuc_median	wt	0.226418876	0.781735464
obs_pRB__nuc_median	wt	1.126559138	0.785875195
obs_pRB__nuc_median	wt	0.158150567	0.790026838
obs_pRB__nuc_median	wt	0.084346978	0.794190463
obs_pRB__nuc_median	wt	0.109914631	0.798366139
obs_pRB__nuc_median	wt	0.127574768	0.802553936
obs_pRB__nuc_median	wt	0.936251269	0.806753924
obs_pRB__nuc_median	wt	1.119178789	0.810966176
obs_pRB__nuc_median	wt	1.119178789	0.815190761
obs_pRB__nuc_median	wt	1.162670146	0.819427754
obs_pRB__nuc_median	wt	0.932824662	0.823677227
obs_pRB__nuc_median	wt	0.896713654	0.827939254
obs_pRB__nuc_median	wt	0.46575338	0.832213909
obs_pRB__nuc_median	wt	1.001092972	0.836501268
obs_pRB__nuc_median	wt	0.796288042	0.840801405
obs_pRB__nuc_median	wt	1.064616806	0.845114398
obs_pRB__nuc_median	wt	0.621004472	0.849440323
obs_pRB__nuc_median	wt	0.790752798	0.853779259
obs_pRB__nuc_median	wt	0.848214117	0.858131284
obs_pRB__nuc_median	wt	0.614151326	0.862496476
obs_pRB__nuc_median	wt	0.846105481	0.866874917
obs_pRB__nuc_median	wt	1.174004235	0.871266686
obs_pRB__nuc_median	wt	1.062244534	0.875671865
obs_pRB__nuc_median	wt	1.084385683	0.880090536
obs_pRB__nuc_median	wt	0.996348462	0.884522783
obs_pRB__nuc_median	wt	0.862447681	0.888968688
obs_pRB__nuc_median	wt	0.774937731	0.893428336
obs_pRB__nuc_median	wt	0.79971465	0.897901812
obs_pRB__nuc_median	wt	0.768084516	0.902389203
obs_pRB__nuc_median	wt	0.871145966	0.906890596
obs_pRB__nuc_median	wt	1.002147342	0.911406077
obs_pRB__nuc_median	wt	1.319766342	0.915935735
obs_pRB__nuc_median	wt	1.238055272	0.92047966
obs_pRB__nuc_median	wt	1.008473355	0.925037942
obs_pRB__nuc_median	wt	1.094929004	0.929610672
obs_pRB__nuc_median	wt	1.093083899	0.934197942
obs_pRB__nuc_median	wt	0.504500261	0.938799844
obs_pRB__nuc_median	wt	0.766503012	0.943416472
obs_pRB__nuc_median	wt	1.280492328	0.94804792
obs_pRB__nuc_median	wt	0.473397329	0.952694285
obs_pRB__nuc_median	wt	1.189028568	0.957355663
obs_pRB__nuc_median	wt	1.148172981	0.96203215
obs_pRB__nuc_median	wt	0.90462117	0.966723845
obs_pRB__nuc_median	wt	1.148172981	0.971430848
obs_pRB__nuc_median	wt	0.883798027	0.976153258
obs_pRB__nuc_median	wt	1.097564808	0.980891177
obs_pRB__nuc_median	wt	1.037994783	0.985644707
obs_pRB__nuc_median	wt	0.952593504	0.990413951
obs_pRB__nuc_median	wt	0.92570788	0.995199014
